movie_id,imdb_id,tmdb_id,title,release_year,runtime_minutes,language,country,plot,budget,revenue,imdb_rating,imdb_votes,genres_raw
1,tt0111161,278,The Shawshank Redemption,1994,142,English,,,,,9.3,3184367,Drama
2,tt0468569,155,The Dark Knight,2008,152,English,,,,,9.1,3163534,"Action,Crime,Drama"
3,tt1375666,27205,Inception,2010,148,English,,,,,8.8,2813160,"Action,Adventure,Sci-Fi"
4,tt0137523,550,Fight Club,1999,139,English,,,,,8.8,2603911,"Crime,Drama,Thriller"
5,tt0816692,157336,Interstellar,2014,169,English,,,,,8.7,2523648,"Adventure,Drama,Sci-Fi"
6,tt0109830,13,Forrest Gump,1994,142,English,,,,,8.8,2493833,"Drama,Romance"
7,tt0110912,680,Pulp Fiction,1994,154,English,,,,,8.8,2432748,"Crime,Drama"
8,tt0133093,603,The Matrix,1999,136,English,,,,,8.7,2244886,"Action,Sci-Fi"
9,tt0068646,238,The Godfather,1972,175,English,,,,,9.2,2223799,"Crime,Drama"
10,tt0120737,120,The Lord of the Rings: The Fellowship of the Ring,2001,178,English,,,,,8.9,2204135,"Adventure,Drama,Fantasy"
11,tt0167260,122,The Lord of the Rings: The Return of the King,2003,201,English,,,,,9.0,2162275,"Adventure,Drama,Fantasy"
12,tt0114369,807,Seven,1995,127,English,,,,,8.6,2018210,"Crime,Drama,Mystery"
13,tt1345836,49026,The Dark Knight Rises,2012,164,English,,,,,8.4,1991656,"Action,Crime,Drama"
14,tt0167261,121,The Lord of the Rings: The Two Towers,2002,179,English,,,,,8.8,1954992,"Adventure,Drama,Fantasy"
15,tt1853728,68718,Django Unchained,2012,165,English,,,,,8.5,1880640,"Drama,Western"
16,tt0172495,98,Gladiator,2000,155,English,,,,,8.5,1847351,"Action,Adventure,Drama"
17,tt0993846,106646,The Wolf of Wall Street,2013,180,English,,,,,8.2,1784780,"Biography,Comedy,Crime"
18,tt0361748,16869,Inglourious Basterds,2009,153,English,,,,,8.4,1781015,"Adventure,Drama,War"
19,tt0102926,274,The Silence of the Lambs,1991,118,English,,,,,8.6,1721291,"Crime,Drama,Horror"
20,tt0372784,272,Batman Begins,2005,140,English,,,,,8.2,1711721,"Action,Crime,Drama"
21,tt1130884,11324,Shutter Island,2010,138,English,,,,,8.2,1644660,"Drama,Mystery,Thriller"
22,tt0120815,857,Saving Private Ryan,1998,169,English,,,,,8.6,1636915,"Drama,War"
23,tt0482571,1124,The Prestige,2006,130,English,,,,,8.5,1585614,"Drama,Mystery,Sci-Fi"
24,tt0108052,424,Schindler's List,1993,195,English,,,,,9.0,1584042,"Biography,Drama,History"
25,tt0076759,11,Star Wars: Episode IV - A New Hope,1977,121,English,,,,,8.6,1568313,"Action,Adventure,Fantasy"
26,tt0120689,497,The Green Mile,1999,189,English,,,,,8.6,1559696,"Crime,Drama,Fantasy"
27,tt0848228,24428,The Avengers,2012,143,English,,,,,8.0,1556844,"Action,Sci-Fi"
28,tt0407887,1422,The Departed,2006,151,English,,,,,8.5,1552586,"Crime,Drama,Thriller"
29,tt0080684,1891,Star Wars: Episode V - The Empire Strikes Back,1980,124,English,,,,,8.7,1503080,"Action,Adventure,Fantasy"
30,tt0499549,19995,Avatar,2009,162,English,,,,,7.9,1496283,"Action,Adventure,Fantasy"
31,tt0071562,240,The Godfather Part II,1974,202,English,,,,,9.0,1493834,"Crime,Drama"
32,tt0088763,105,Back to the Future,1985,116,English,,,,,8.5,1451464,"Adventure,Comedy,Sci-Fi"
33,tt0209144,77,Memento,2000,113,English,,,,,8.4,1433987,"Drama,Mystery,Thriller"
34,tt0120338,597,Titanic,1997,194,English,,,,,8.0,1391035,"Drama,Romance"
35,tt0099685,769,GoodFellas,1990,145,English,,,,,8.7,1389929,"Biography,Crime,Drama"
36,tt0120382,37165,The Truman Show,1998,103,English,,,,,8.2,1370665,"Comedy,Drama"
37,tt4154756,299536,Avengers: Infinity War,2018,149,English,,,,,8.4,1369845,"Action,Adventure,Sci-Fi"
38,tt2015381,118340,Guardians of the Galaxy,2014,121,English,,,,,8.0,1362650,"Action,Adventure,Comedy"
39,tt0110413,101,Lon: The Professional,1994,110,English,,,,,8.5,1349934,"Action,Crime,Drama"
40,tt0325980,22,Pirates of the Caribbean: The Curse of the Black Pearl,2003,143,English,,,,,8.1,1323710,"Action,Adventure,Fantasy"
41,tt0910970,10681,WALLE,2008,98,English,,,,,8.4,1319251,"Adventure,Animation,Family"
42,tt0266697,24,Kill Bill: Vol. 1,2003,111,English,,,,,8.2,1306159,"Action,Crime,Thriller"
43,tt0103064,280,Terminator 2: Judgment Day,1991,137,English,,,,,8.6,1282897,"Action,Adventure,Sci-Fi"
44,tt0169547,14,American Beauty,1999,122,English,,,,,8.3,1279055,Drama
45,tt0120586,73,American History X,1998,119,English,,,,,8.5,1272183,"Crime,Drama"
46,tt0110357,8587,The Lion King,1994,88,English,,,,,8.5,1257334,"Adventure,Animation,Drama"
47,tt1431045,293660,Deadpool,2016,108,English,,,,,8.0,1252619,"Action,Comedy,Sci-Fi"
48,tt0434409,752,V for Vendetta,2005,132,English,,,,,8.1,1245675,"Action,Drama,Sci-Fi"
49,tt0114814,629,The Usual Suspects,1995,106,English,,,,,8.5,1237972,"Crime,Drama,Mystery"
50,tt0264464,640,Catch Me If You Can,2002,141,English,,,,,8.1,1236050,"Biography,Crime,Drama"
51,tt1049413,14160,Up,2009,96,English,,,,,8.3,1234516,"Adventure,Animation,Comedy"
52,tt0081505,694,The Shining,1980,146,English,,,,,8.4,1224261,"Drama,Horror"
53,tt0371746,1726,Iron Man,2008,126,English,,,,,7.9,1223482,"Action,Adventure,Sci-Fi"
54,tt0119217,489,Good Will Hunting,1997,126,English,,,,,8.4,1215208,"Drama,Romance"
55,tt0086190,1892,Star Wars: Episode VI - Return of the Jedi,1983,131,English,,,,,8.3,1208268,"Action,Adventure,Fantasy"
56,tt0266543,12,Finding Nemo,2003,100,English,,,,,8.2,1206364,"Adventure,Animation,Comedy"
57,tt1392190,76341,Mad Max: Fury Road,2015,120,English,,,,,8.1,1205271,"Action,Adventure,Sci-Fi"
58,tt0477348,6977,No Country for Old Men,2007,122,English,,,,,8.2,1188117,"Crime,Drama,Thriller"
59,tt0338013,38,Eternal Sunshine of the Spotless Mind,2004,108,English,,,,,8.3,1181830,"Drama,Romance,Sci-Fi"
60,tt0107290,329,Jurassic Park,1993,127,English,,,,,8.2,1176300,"Action,Adventure,Sci-Fi"
61,tt0114709,862,Toy Story,1995,81,English,,,,,8.3,1172688,"Adventure,Animation,Comedy"
62,tt0105236,500,Reservoir Dogs,1992,99,English,,,,,8.3,1169943,"Crime,Thriller"
63,tt2267998,210577,Gone Girl,2014,149,English,,,,,8.1,1167474,"Drama,Mystery,Thriller"
64,tt0112573,197,Braveheart,1995,178,English,,,,,8.3,1160233,"Biography,Drama,War"
65,tt0073486,510,One Flew Over the Cuckoo's Nest,1975,133,English,,,,,8.6,1156347,Drama
66,tt2582802,244786,Whiplash,2014,106,English,,,,,8.5,1152668,"Drama,Music"
67,tt0167404,745,The Sixth Sense,1999,107,English,,,,,8.2,1143449,"Drama,Mystery,Thriller"
68,tt0082971,85,Raiders of the Lost Ark,1981,115,English,,,,,8.4,1109429,"Action,Adventure"
69,tt1392170,70160,The Hunger Games,2012,142,English,,,,,7.2,1080715,"Action,Adventure,Sci-Fi"
70,tt0198781,585,"Monsters, Inc.",2001,92,English,,,,,8.1,1073910,"Adventure,Animation,Comedy"
71,tt0078748,348,Alien,1979,117,English,,,,,8.5,1063026,"Horror,Sci-Fi"
72,tt0268978,453,A Beautiful Mind,2001,135,English,,,,,8.2,1052672,"Biography,Drama,Mystery"
73,tt1201607,12445,Harry Potter and the Deathly Hallows: Part 2,2011,130,English,,,,,8.1,1044579,"Adventure,Family,Fantasy"
74,tt0095016,562,Die Hard,1988,132,English,,,,,8.2,1029409,"Action,Thriller"
75,tt1675434,77338,The Intouchables,2011,112,English,,,,,8.5,1026159,"Comedy,Drama"
76,tt0075314,103,Taxi Driver,1976,114,English,,,,,8.2,1025255,"Crime,Drama"
77,tt2488496,140607,Star Wars: Episode VII - The Force Awakens,2015,138,English,,,,,7.7,1024954,"Action,Adventure,Sci-Fi"
78,tt0086250,111,Scarface,1983,170,English,,,,,8.3,1014510,"Crime,Drama"
79,tt3659388,286217,The Martian,2015,144,English,,,,,8.0,1011367,"Adventure,Drama,Sci-Fi"
80,tt0253474,423,The Pianist,2002,150,English,,,,,8.5,1011317,"Biography,Drama,Music"
81,tt0088247,218,The Terminator,1984,107,English,,,,,8.1,1003842,"Action,Adventure,Sci-Fi"
82,tt2395427,99861,Avengers: Age of Ultron,2015,141,English,,,,,7.3,999792,"Action,Adventure,Sci-Fi"
83,tt0208092,107,Snatch,2000,102,English,,,,,8.2,976365,"Comedy,Crime"
84,tt0180093,641,Requiem for a Dream,2000,102,English,,,,,8.3,972666,Drama
85,tt1843866,100402,Captain America: The Winter Soldier,2014,136,English,,,,,7.7,970838,"Action,Adventure,Sci-Fi"
86,tt2278388,120467,The Grand Budapest Hotel,2014,99,English,,,,,8.1,969876,"Comedy,Drama"
87,tt0435761,10193,Toy Story 3,2010,103,English,,,,,8.3,968791,"Adventure,Animation,Comedy"
88,tt0145487,557,Spider-Man,2002,121,English,,,,,7.4,967347,"Action,Adventure,Sci-Fi"
89,tt0458339,1771,Captain America: The First Avenger,2011,124,English,,,,,6.9,966430,"Action,Adventure,Sci-Fi"
90,tt0245429,129,Spirited Away,2001,124,English,,,,,8.6,965577,"Adventure,Animation,Family"
91,tt0800369,10195,Thor,2011,115,English,,,,,7.0,965110,"Action,Fantasy"
92,tt1300854,68721,Iron Man 3,2013,130,English,,,,,7.1,964913,"Action,Adventure,Sci-Fi"
93,tt0241527,671,Harry Potter and the Sorcerer's Stone,2001,152,English,,,,,7.7,951414,"Adventure,Family,Fantasy"
94,tt1663202,281957,The Revenant,2015,156,English,,,,,8.0,948866,"Action,Drama,Western"
95,tt0382932,2062,Ratatouille,2007,111,English,,,,,8.1,942340,"Adventure,Animation,Comedy"
96,tt1228705,10138,Iron Man 2,2010,124,English,,,,,6.9,936754,"Action,Sci-Fi"
97,tt0066921,185,A Clockwork Orange,1971,136,English,,,,,8.2,936205,"Crime,Sci-Fi"
98,tt1392214,146233,Prisoners,2013,153,English,,,,,8.2,933434,"Crime,Drama,Mystery"
99,tt1119646,18785,The Hangover,2009,100,English,,,,,7.7,928907,Comedy
100,tt0903624,49051,The Hobbit: An Unexpected Journey,2012,169,English,,,,,7.8,926963,"Adventure,Fantasy"
101,tt3498820,271110,Captain America: Civil War,2016,147,English,,,,,7.8,926281,"Action,Sci-Fi"
102,tt0120915,1893,Star Wars: Episode I - The Phantom Menace,1999,136,English,,,,,6.5,925380,"Action,Adventure,Fantasy"
103,tt3315342,263115,Logan,2017,137,English,,,,,8.1,925165,"Action,Drama,Sci-Fi"
104,tt0121766,1895,Star Wars: Episode III - Revenge of the Sith,2005,140,English,,,,,7.7,920312,"Action,Adventure,Fantasy"
105,tt0118715,115,The Big Lebowski,1998,117,English,,,,,8.1,916447,"Comedy,Crime"
106,tt2096673,150540,Inside Out,2015,95,English,,,,,8.1,913866,"Adventure,Animation,Comedy"
107,tt0416449,1271,300,2006,117,English,,,,,7.6,911774,"Action,Drama"
108,tt0246578,141,Donnie Darko,2001,113,English,,,,,8.0,911339,"Drama,Mystery,Sci-Fi"
109,tt1010048,12405,Slumdog Millionaire,2008,120,English,,,,,8.0,909884,"Crime,Drama,Romance"
110,tt1825683,284054,Black Panther,2018,134,English,,,,,7.3,908502,"Action,Adventure,Sci-Fi"
111,tt0317705,9806,The Incredibles,2004,115,English,,,,,8.0,899654,"Action,Adventure,Animation"
112,tt1454468,49047,Gravity,2013,91,English,,,,,7.7,899588,"Drama,Sci-Fi,Thriller"
113,tt3501632,284053,Thor: Ragnarok,2017,130,English,,,,,7.9,893817,"Action,Adventure,Comedy"
114,tt0892769,10191,How to Train Your Dragon,2010,98,English,,,,,8.1,892763,"Action,Adventure,Animation"
115,tt0947798,44214,Black Swan,2010,108,English,,,,,8.0,888444,"Drama,Thriller"
116,tt0083658,78,Blade Runner,1982,117,English,,,,,8.1,881412,"Action,Drama,Sci-Fi"
117,tt1211837,284052,Doctor Strange,2016,115,English,,,,,7.5,878824,"Action,Adventure,Fantasy"
118,tt2084970,205596,The Imitation Game,2014,114,English,,,,,8.0,877175,"Biography,Drama,Thriller"
119,tt0480249,6479,I Am Legend,2007,101,English,,,,,7.2,876454,"Drama,Horror,Sci-Fi"
120,tt0317248,598,City of God,2002,130,English,,,,,8.6,870097,"Crime,Drama"
121,tt0378194,393,Kill Bill: Vol. 2,2004,137,English,,,,,8.0,869704,"Action,Crime,Thriller"
122,tt0770828,49521,Man of Steel,2013,143,English,,,,,7.1,866185,"Action,Adventure,Sci-Fi"
123,tt0097576,89,Indiana Jones and the Last Crusade,1989,127,English,,,,,8.2,863244,"Action,Adventure"
124,tt2543164,329865,Arrival,2016,116,English,,,,,7.9,862412,"Drama,Mystery,Sci-Fi"
125,tt1205489,13223,Gran Torino,2008,116,English,,,,,8.1,861470,Drama
126,tt0093058,600,Full Metal Jacket,1987,116,English,,,,,8.2,850575,"Drama,War"
127,tt0090605,679,Aliens,1986,137,English,,,,,8.4,840087,"Action,Adventure,Horror"
128,tt0211915,194,Amlie,2001,122,English,,,,,8.3,839490,"Comedy,Romance"
129,tt0144084,1359,American Psycho,2000,102,English,,,,,7.6,836736,"Crime,Drama,Horror"
130,tt3896198,283995,Guardians of the Galaxy: Vol. 2,2017,136,English,,,,,7.6,828297,"Action,Adventure,Comedy"
131,tt2911666,245891,John Wick,2014,101,English,,,,,7.5,827127,"Action,Crime,Thriller"
132,tt0383574,58,Pirates of the Caribbean: Dead Man's Chest,2006,151,English,,,,,7.4,825351,"Action,Adventure,Fantasy"
133,tt0401792,187,Sin City,2005,124,English,,,,,8.0,820287,"Crime,Thriller"
134,tt0121765,1894,Star Wars: Episode II - Attack of the Clones,2002,142,English,,,,,6.6,819523,"Action,Adventure,Fantasy"
135,tt1285016,37799,The Social Network,2010,120,English,,,,,7.8,818990,"Biography,Drama"
136,tt5052448,419430,Get Out,2017,104,English,,,,,7.8,815949,"Horror,Mystery,Thriller"
137,tt0118799,637,Life Is Beautiful,1997,116,English,,,,,8.6,812083,"Comedy,Drama,Romance"
138,tt0126029,808,Shrek,2001,90,English,,,,,7.9,809981,"Adventure,Animation,Comedy"
139,tt5013056,374720,Dunkirk,2017,106,English,,,,,7.8,806441,"Action,Drama,History"
140,tt1631867,137113,Edge of Tomorrow,2014,113,English,,,,,7.9,803685,"Action,Adventure,Sci-Fi"
141,tt0113277,949,Heat,1995,170,English,,,,,8.3,802659,"Action,Crime,Drama"
142,tt2250912,202249,Spider-Man: Homecoming,2017,133,English,,,,,7.4,796559,"Action,Adventure,Sci-Fi"
143,tt2975590,209112,Batman v Superman: Dawn of Justice,2016,151,English,,,,,6.4,791048,"Action,Adventure,Sci-Fi"
144,tt1877832,127585,X-Men: Days of Future Past,2014,132,English,,,,,7.9,787490,"Action,Adventure,Sci-Fi"
145,tt0116282,275,Fargo,1996,98,English,,,,,8.1,787178,"Crime,Drama,Thriller"
146,tt2024544,76203,12 Years a Slave,2013,134,English,,,,,8.1,786283,"Biography,Drama,History"
147,tt0316654,558,Spider-Man 2,2004,127,English,,,,,7.5,784069,"Action,Adventure,Sci-Fi"
148,tt0816711,72190,World War Z,2013,116,English,,,,,7.0,782420,"Action,Adventure,Horror"
149,tt0478970,102899,Ant-Man,2015,117,English,,,,,7.2,779435,"Action,Comedy,Sci-Fi"
150,tt1981115,76338,Thor: The Dark World,2013,112,English,,,,,6.7,777063,"Action,Adventure,Fantasy"
151,tt2802144,207703,Kingsman: The Secret Service,2014,129,English,,,,,7.7,776221,"Action,Adventure,Comedy"
152,tt1045658,82693,Silver Linings Playbook,2012,122,English,,,,,7.7,773095,"Comedy,Drama,Romance"
153,tt1951264,101299,The Hunger Games: Catching Fire,2013,146,English,,,,,7.5,773043,"Action,Adventure,Sci-Fi"
154,tt1074638,37724,Skyfall,2012,143,English,,,,,7.8,772365,"Action,Adventure,Thriller"
155,tt1670345,75656,Now You See Me,2013,115,English,,,,,7.2,770007,"Crime,Mystery,Thriller"
156,tt0078788,28,Apocalypse Now,1979,147,English,,,,,8.4,769630,"Drama,Mystery,War"
157,tt0117951,627,Trainspotting,1996,93,English,,,,,8.1,768631,"Crime,Drama"
158,tt0304141,673,Harry Potter and the Prisoner of Azkaban,2004,142,English,,,,,7.9,766758,"Adventure,Family,Fantasy"
159,tt0295297,672,Harry Potter and the Chamber of Secrets,2002,161,English,,,,,7.5,765906,"Adventure,Family,Fantasy"
160,tt0405159,70,Million Dollar Baby,2004,132,English,,,,,8.1,765590,"Drama,Sport"
161,tt0948470,1930,The Amazing Spider-Man,2012,136,English,,,,,6.9,764667,"Action,Sci-Fi"
162,tt1270798,49538,X-Men: First Class,2011,131,English,,,,,7.7,763594,"Action,Sci-Fi"
163,tt0780504,64690,Drive,2011,100,English,,,,,7.8,762342,"Action,Drama"
164,tt3783958,313369,La La Land,2016,128,English,,,,,8.0,761551,"Comedy,Drama,Music"
165,tt1386697,297761,Suicide Squad,2016,123,English,,,,,5.9,759062,"Action,Adventure,Fantasy"
166,tt3748528,330459,Rogue One: A Star Wars Story,2016,133,English,,,,,7.8,754763,"Action,Adventure,Sci-Fi"
167,tt1170358,57158,The Hobbit: The Desolation of Smaug,2013,161,English,,,,,7.8,753052,"Adventure,Fantasy"
168,tt1856101,335984,Blade Runner 2049,2017,164,English,,,,,8.0,752851,"Action,Drama,Mystery"
169,tt0330373,674,Harry Potter and the Goblet of Fire,2005,157,English,,,,,7.7,752316,"Adventure,Family,Fantasy"
170,tt1136608,17654,District 9,2009,112,English,,,,,7.9,752129,"Action,Sci-Fi,Thriller"
171,tt0457430,1417,Pan's Labyrinth,2006,118,English,,,,,8.2,746273,"Drama,Fantasy,War"
172,tt0421715,4922,The Curious Case of Benjamin Button,2008,166,English,,,,,7.8,744808,"Drama,Fantasy,Romance"
173,tt0381061,36557,Casino Royale,2006,144,English,,,,,8.0,744168,"Action,Adventure,Thriller"
174,tt0099785,771,Home Alone,1990,103,English,,,,,7.8,743717,"Comedy,Family"
175,tt5463162,383498,Deadpool 2,2018,119,English,,,,,7.6,743655,"Action,Adventure,Comedy"
176,tt0449088,285,Pirates of the Caribbean: At World's End,2007,169,English,,,,,7.2,743364,"Action,Adventure,Fantasy"
177,tt0107048,137,Groundhog Day,1993,101,English,,,,,8.0,736824,"Comedy,Drama,Fantasy"
178,tt0073195,578,Jaws,1975,124,English,,,,,8.1,736601,"Adventure,Drama,Horror"
179,tt0451279,297762,Wonder Woman,2017,141,English,,,,,7.3,735202,"Action,Adventure,Fantasy"
180,tt1504320,45269,The King's Speech,2010,118,English,,,,,8.0,732727,"Biography,Drama,History"
181,tt0369610,135397,Jurassic World,2015,124,English,,,,,6.9,728841,"Action,Adventure,Sci-Fi"
182,tt1798709,152601,Her,2013,126,English,,,,,8.0,726166,"Drama,Romance,Sci-Fi"
183,tt3460252,273248,The Hateful Eight,2015,168,English,,,,,7.8,721770,"Crime,Drama,Mystery"
184,tt0418279,1858,Transformers,2007,144,English,,,,,7.1,718074,"Action,Adventure,Sci-Fi"
185,tt2527336,181808,Star Wars: Episode VIII - The Last Jedi,2017,152,English,,,,,6.8,717731,"Action,Adventure,Fantasy"
186,tt0364569,670,Oldboy,2003,120,English,,,,,8.3,717675,"Action,Drama,Mystery"
187,tt2294629,109445,Frozen,2013,102,English,,,,,7.4,712593,"Adventure,Animation,Comedy"
188,tt1637725,72105,Ted,2012,106,English,,,,,6.9,709572,Comedy
189,tt0469494,7345,There Will Be Blood,2007,158,English,,,,,8.2,707656,Drama
190,tt0988045,10528,Sherlock Holmes,2009,128,English,,,,,7.5,706333,"Action,Adventure,Mystery"
191,tt2380307,354912,Coco,2017,105,English,,,,,8.4,705740,"Adventure,Animation,Drama"
192,tt0454876,87827,Life of Pi,2012,127,English,,,,,7.9,699855,"Adventure,Drama,Fantasy"
193,tt0413300,559,Spider-Man 3,2007,139,English,,,,,6.3,699672,"Action,Adventure,Sci-Fi"
194,tt0373889,675,Harry Potter and the Order of the Phoenix,2007,138,English,,,,,7.5,699424,"Action,Adventure,Family"
195,tt1446714,70981,Prometheus,2012,124,English,,,,,7.0,699140,"Adventure,Sci-Fi"
196,tt2562232,194662,Birdman or (The Unexpected Virtue of Ignorance),2014,119,English,,,,,7.7,698215,"Comedy,Drama"
197,tt0758758,5915,Into the Wild,2007,148,English,,,,,8.0,695117,"Adventure,Biography,Drama"
198,tt1396484,346364,It,2017,135,English,,,,,7.3,695111,Horror
199,tt0829482,8363,Superbad,2007,113,English,,,,,7.6,692938,Comedy
200,tt0120903,36657,X-Men,2000,104,English,,,,,7.3,691362,"Action,Adventure,Sci-Fi"
201,tt0162222,8358,Cast Away,2000,143,English,,,,,7.8,689095,"Adventure,Drama,Romance"
202,tt0332280,11036,The Notebook,2004,123,English,,,,,7.8,688203,"Drama,Romance"
203,tt0075148,1366,Rocky,1976,120,English,,,,,8.1,687968,"Drama,Sport"
204,tt0440963,2503,The Bourne Ultimatum,2007,115,English,,,,,8.0,683753,"Action,Mystery,Thriller"
205,tt3890160,339403,Baby Driver,2017,113,English,,,,,7.5,683288,"Action,Crime,Drama"
206,tt2119532,324786,Hacksaw Ridge,2016,139,English,,,,,8.1,680032,"Biography,Drama,History"
207,tt0114746,63,12 Monkeys,1995,129,English,,,,,8.0,679802,"Mystery,Sci-Fi,Thriller"
208,tt0240772,161,Ocean's Eleven,2001,116,English,,,,,7.7,673110,"Crime,Thriller"
209,tt0443706,1949,Zodiac,2007,157,English,,,,,7.7,672410,"Crime,Drama,Mystery"
210,tt0936501,8681,Taken,2008,90,English,,,,,7.7,671451,"Action,Crime,Thriller"
211,tt0234215,604,The Matrix Reloaded,2003,138,English,,,,,7.2,669873,"Action,Sci-Fi"
212,tt0120363,863,Toy Story 2,1999,92,English,,,,,7.9,669270,"Adventure,Animation,Comedy"
213,tt2872718,242582,Nightcrawler,2014,117,English,,,,,7.8,668393,"Crime,Drama,Thriller"
214,tt1156398,19908,Zombieland,2009,88,English,,,,,7.5,667138,"Action,Comedy,Horror"
215,tt1024648,68734,Argo,2012,120,English,,,,,7.7,666259,"Biography,Drama,History"
216,tt0926084,12444,Harry Potter and the Deathly Hallows: Part 1,2010,146,English,,,,,7.7,663631,"Adventure,Family,Fantasy"
217,tt0119654,607,Men in Black,1997,98,English,,,,,7.3,663420,"Action,Adventure,Comedy"
218,tt0417741,767,Harry Potter and the Half-Blood Prince,2009,153,English,,,,,7.6,659637,"Action,Adventure,Family"
219,tt0119488,2118,L.A. Confidential,1997,138,English,,,,,8.2,658847,"Crime,Drama,Mystery"
220,tt6644200,447332,A Quiet Place,2018,90,English,,,,,7.5,657693,"Drama,Horror,Sci-Fi"
221,tt0097165,207,Dead Poets Society,1989,128,English,,,,,8.1,651288,"Comedy,Drama"
222,tt0120735,100,"Lock, Stock and Two Smoking Barrels",1998,107,English,,,,,8.1,649930,"Comedy,Crime"
223,tt1219289,51876,Limitless,2011,105,English,,,,,7.4,647431,"Sci-Fi,Thriller"
224,tt0116629,602,Independence Day,1996,145,English,,,,,7.0,646427,"Action,Adventure,Sci-Fi"
225,tt1232829,64688,21 Jump Street,2012,109,English,,,,,7.2,645674,"Action,Comedy,Crime"
226,tt1343092,64682,The Great Gatsby,2013,143,English,,,,,7.2,642410,"Drama,Romance"
227,tt0470752,264660,Ex Machina,2014,108,English,,,,,7.7,638758,"Drama,Sci-Fi,Thriller"
228,tt0365748,747,Shaun of the Dead,2004,99,English,,,,,7.8,638646,"Comedy,Horror"
229,tt0796366,13475,Star Trek,2009,127,English,,,,,7.9,638132,"Action,Adventure,Sci-Fi"
230,tt2948356,269149,Zootopia,2016,108,English,,,,,8.0,635127,"Action,Adventure,Animation"
231,tt1323594,20352,Despicable Me,2010,95,English,,,,,7.6,632074,"Adventure,Animation,Comedy"
232,tt1276104,59967,Looper,2012,119,English,,,,,7.4,628181,"Action,Drama,Sci-Fi"
233,tt0450259,1372,Blood Diamond,2006,143,English,,,,,8.0,625474,"Adventure,Drama,Thriller"
234,tt1457767,138843,The Conjuring,2013,112,English,,,,,7.5,621569,"Horror,Mystery,Thriller"
235,tt0181689,180,Minority Report,2002,145,English,,,,,7.6,621055,"Action,Crime,Mystery"
236,tt0096874,165,Back to the Future Part II,1989,108,English,,,,,7.8,621037,"Adventure,Comedy,Sci-Fi"
237,tt1250777,23483,Kick-Ass,2010,117,English,,,,,7.6,620631,"Action,Comedy,Crime"
238,tt4972582,381288,Split,2016,117,English,,,,,7.3,620533,"Horror,Thriller"
239,tt0454921,1402,The Pursuit of Happyness,2006,117,English,,,,,8.0,620504,"Biography,Drama"
240,tt0112641,524,Casino,1995,178,English,,,,,8.2,618824,"Crime,Drama"
241,tt1022603,19913,500 Days of Summer,2009,95,English,,,,,7.6,617816,"Comedy,Drama,Romance"
242,tt1570728,50646,"Crazy, Stupid, Love.",2011,118,English,,,,,7.4,617811,"Comedy,Drama,Romance"
243,tt2310332,122917,The Hobbit: The Battle of the Five Armies,2014,144,English,,,,,7.4,617234,"Adventure,Animation,Fantasy"
244,tt0332452,652,Troy,2004,163,English,,,,,7.3,614948,"Action,Adventure,Drama"
245,tt0343818,2048,"I, Robot",2004,115,English,,,,,7.1,614183,"Action,Mystery,Sci-Fi"
246,tt0258463,2501,The Bourne Identity,2002,119,English,,,,,7.8,613099,"Action,Mystery,Thriller"
247,tt0290334,36658,X2: X-Men United,2003,134,English,,,,,7.4,611433,"Action,Sci-Fi,Thriller"
248,tt0409459,13183,Watchmen,2009,162,English,,,,,7.6,610581,"Action,Drama,Mystery"
249,tt2713180,228150,Fury,2014,134,English,,,,,7.6,608074,"Action,Drama,War"
250,tt5027774,359940,"Three Billboards Outside Ebbing, Missouri",2017,115,English,,,,,8.1,606839,"Comedy,Crime,Drama"
251,tt1298650,1865,Pirates of the Caribbean: On Stranger Tides,2011,136,English,,,,,6.6,606706,"Action,Adventure,Fantasy"
252,tt1318514,61791,Rise of the Planet of the Apes,2011,105,English,,,,,7.6,605215,"Action,Animation,Drama"
253,tt0071853,762,Monty Python and the Holy Grail,1975,91,English,,,,,8.1,603346,"Adventure,Comedy,Fantasy"
254,tt1659337,84892,The Perks of Being a Wallflower,2012,103,English,,,,,7.9,595477,Drama
255,tt0356910,787,Mr. & Mrs. Smith,2005,120,English,,,,,6.5,592812,"Action,Comedy,Crime"
256,tt1872181,102382,The Amazing Spider-Man 2,2014,142,English,,,,,6.6,589766,"Action,Adventure,Sci-Fi"
257,tt1483013,75612,Oblivion,2013,124,English,,,,,7.0,585816,"Action,Adventure,Sci-Fi"
258,tt0095953,380,Rain Man,1988,133,English,,,,,8.0,585374,Drama
259,tt0945513,45612,Source Code,2011,93,English,,,,,7.5,582076,"Action,Drama,Mystery"
260,tt0314331,508,Love Actually,2003,135,English,,,,,7.5,580215,"Comedy,Drama,Romance"
261,tt0441773,9502,Kung Fu Panda,2008,92,English,,,,,7.6,579245,"Action,Adventure,Animation"
262,tt2872732,240832,Lucy,2014,89,English,,,,,6.4,578647,"Action,Sci-Fi,Thriller"
263,tt1411697,45243,The Hangover Part II,2011,102,English,,,,,6.5,577373,Comedy
264,tt0242653,605,The Matrix Revolutions,2003,129,English,,,,,6.7,574776,"Action,Sci-Fi"
265,tt0467406,7326,Juno,2007,96,English,,,,,7.4,572209,"Comedy,Drama"
266,tt0376994,36668,X-Men: The Last Stand,2006,104,English,,,,,6.6,571943,"Action,Adventure,Sci-Fi"
267,tt0367594,118,Charlie and the Chocolate Factory,2005,115,English,,,,,6.7,570882,"Adventure,Comedy,Family"
268,tt4425200,324552,John Wick: Chapter 2,2017,122,English,,,,,7.4,569556,"Action,Crime,Thriller"
269,tt2179136,190859,American Sniper,2014,133,English,,,,,7.3,569097,"Action,Biography,Drama"
270,tt0087469,87,Indiana Jones and the Temple of Doom,1984,118,English,,,,,7.5,567621,"Action,Adventure"
271,tt0458525,2080,X-Men Origins: Wolverine,2009,107,English,,,,,6.5,567512,"Action,Sci-Fi"
272,tt0425112,4638,Hot Fuzz,2007,121,English,,,,,7.8,566478,"Action,Comedy,Mystery"
273,tt0206634,9693,Children of Men,2006,109,English,,,,,7.9,565586,"Drama,Sci-Fi,Thriller"
274,tt1229238,56292,Mission: Impossible - Ghost Protocol,2011,132,English,,,,,7.4,564996,"Action,Adventure,Thriller"
275,tt0099487,162,Edward Scissorhands,1990,105,English,,,,,7.8,564745,"Drama,Fantasy,Romance"
276,tt0268380,425,Ice Age,2002,81,English,,,,,7.5,564177,"Adventure,Animation,Comedy"
277,tt0800080,1724,The Incredible Hulk,2008,112,English,,,,,6.6,564163,"Action,Adventure,Sci-Fi"
278,tt1790864,198663,The Maze Runner,2014,113,English,,,,,6.8,562214,"Action,Mystery,Sci-Fi"
279,tt1979320,96721,Rush,2013,123,English,,,,,8.1,558590,"Biography,Drama,Sport"
280,tt1663662,68726,Pacific Rim,2013,131,English,,,,,6.9,558577,"Action,Adventure,Sci-Fi"
281,tt0449059,773,Little Miss Sunshine,2006,101,English,,,,,7.8,557838,"Comedy,Drama"
282,tt0289879,1954,The Butterfly Effect,2004,113,English,,,,,7.6,555847,"Drama,Sci-Fi,Thriller"
283,tt0298148,809,Shrek 2,2004,93,English,,,,,7.4,554893,"Adventure,Animation,Comedy"
284,tt2245084,177572,Big Hero 6,2014,102,English,,,,,7.8,552581,"Action,Adventure,Animation"
285,tt0092099,744,Top Gun,1986,110,English,,,,,7.0,551004,"Action,Drama"
286,tt0790636,152532,Dallas Buyers Club,2013,117,English,,,,,7.9,548155,"Biography,Drama"
287,tt0289043,170,28 Days Later,2002,113,English,,,,,7.5,546652,"Drama,Horror,Sci-Fi"
288,tt1951265,131631,The Hunger Games: Mockingjay - Part 1,2014,123,English,,,,,6.6,545738,"Action,Adventure,Sci-Fi"
289,tt0398286,38757,Tangled,2010,100,English,,,,,7.7,544585,"Adventure,Animation,Comedy"
290,tt0119116,18,The Fifth Element,1997,126,English,,,,,7.6,544493,"Action,Adventure,Sci-Fi"
291,tt1677720,333339,Ready Player One,2018,140,English,,,,,7.4,541196,"Action,Adventure,Sci-Fi"
292,tt3183660,259316,Fantastic Beasts and Where to Find Them,2016,132,English,,,,,7.2,540195,"Adventure,Family,Fantasy"
293,tt0448157,8960,Hancock,2008,92,English,,,,,6.4,538969,"Action,Comedy,Drama"
294,tt1596363,318846,The Big Short,2015,130,English,,,,,7.8,538925,"Biography,Comedy,Drama"
295,tt3397884,273481,Sicario,2015,121,English,,,,,7.7,537966,"Action,Crime,Drama"
296,tt0458352,350,The Devil Wears Prada,2006,109,English,,,,,7.0,537472,"Comedy,Drama"
297,tt0362227,594,The Terminal,2004,128,English,,,,,7.4,535027,"Comedy,Drama,Romance"
298,tt0317219,920,Cars,2006,116,English,,,,,7.3,535018,"Adventure,Animation,Comedy"
299,tt1895587,314365,Spotlight,2015,129,English,,,,,8.1,534972,"Biography,Crime,Drama"
300,tt0335266,153,Lost in Translation,2003,102,English,,,,,7.7,529564,"Comedy,Drama"
301,tt1291584,59440,Warrior,2011,140,English,,,,,8.1,528405,"Action,Drama,Sport"
302,tt1454029,50014,The Help,2011,146,English,,,,,8.1,528069,Drama
303,tt1568346,65754,The Girl with the Dragon Tattoo,2011,158,English,,,,,7.8,527960,"Crime,Drama,Mystery"
304,tt1099212,8966,Twilight,2008,122,English,,,,,5.4,526229,"Drama,Fantasy,Romance"
305,tt0084787,1091,The Thing,1982,109,English,,,,,8.2,525909,"Horror,Mystery,Sci-Fi"
306,tt1723121,138832,We're the Millers,2013,110,English,,,,,7.0,524117,"Comedy,Crime"
307,tt1430132,76170,The Wolverine,2013,126,English,,,,,6.7,523535,"Action,Sci-Fi"
308,tt0327056,322,Mystic River,2003,138,English,,,,,7.9,522489,"Crime,Drama,Mystery"
309,tt0099088,196,Back to the Future Part III,1990,118,English,,,,,7.5,519625,"Adventure,Comedy,Sci-Fi"
310,tt1535109,109424,Captain Phillips,2013,134,English,,,,,7.8,518990,"Action,Biography,Crime"
311,tt1800241,168672,American Hustle,2013,138,English,,,,,7.2,518659,"Crime,Drama"
312,tt1840309,157350,Divergent,2014,139,English,,,,,6.6,518092,"Action,Adventure,Drama"
313,tt0117060,954,Mission: Impossible,1996,110,English,,,,,7.2,517352,"Action,Adventure,Thriller"
314,tt0139654,2034,Training Day,2001,122,English,,,,,7.8,516789,"Crime,Drama,Thriller"
315,tt0367882,217,Indiana Jones and the Kingdom of the Crystal Skull,2008,122,English,,,,,6.2,513523,"Action,Adventure"
316,tt0372183,2502,The Bourne Supremacy,2004,108,English,,,,,7.7,512735,"Action,Mystery,Thriller"
317,tt0319262,435,The Day After Tomorrow,2004,124,English,,,,,6.5,511648,"Action,Adventure,Sci-Fi"
318,tt0347149,4935,Howl's Moving Castle,2004,119,English,,,,,8.2,511396,"Adventure,Animation,Family"
319,tt2103281,119450,Dawn of the Planet of the Apes,2014,130,English,,,,,7.6,511090,"Action,Adventure,Animation"
320,tt1408101,54138,Star Trek Into Darkness,2013,132,English,,,,,7.7,510231,"Action,Adventure,Sci-Fi"
321,tt0387564,176,Saw,2004,103,English,,,,,7.6,509490,"Horror,Mystery,Thriller"
322,tt1210166,60308,Moneyball,2011,133,English,,,,,7.6,508360,"Biography,Drama,Sport"
323,tt2980516,266856,The Theory of Everything,2014,123,English,,,,,7.7,507580,"Biography,Drama,Romance"
324,tt0407304,74,War of the Worlds,2005,117,English,,,,,6.6,506745,"Action,Adventure,Sci-Fi"
325,tt0217505,3131,Gangs of New York,2002,167,English,,,,,7.5,505275,"Crime,Drama"
326,tt0101414,10020,Beauty and the Beast,1991,84,English,,,,,8.0,505170,"Animation,Family,Fantasy"
327,tt0325710,616,The Last Samurai,2003,154,English,,,,,7.8,504578,"Action,Drama"
328,tt0974015,141052,Justice League,2017,120,English,,,,,6.0,504487,"Action,Adventure,Fantasy"
329,tt2283362,353486,Jumanji: Welcome to the Jungle,2017,119,English,,,,,6.9,502537,"Action,Adventure,Comedy"
330,tt1515091,58574,Sherlock Holmes: A Game of Shadows,2011,129,English,,,,,7.4,502083,"Action,Adventure,Mystery"
331,tt0120616,564,The Mummy,1999,124,English,,,,,7.1,501437,"Action,Adventure,Fantasy"
332,tt0405422,6957,The 40-Year-Old Virgin,2005,116,English,,,,,7.1,500996,"Comedy,Romance"
333,tt0093773,106,Predator,1987,107,English,,,,,7.8,500316,"Action,Adventure,Horror"
334,tt0103639,812,Aladdin,1992,90,English,,,,,8.0,500232,"Adventure,Animation,Comedy"
335,tt0070047,9552,The Exorcist,1973,122,English,,,,,8.1,498461,Horror
336,tt1772341,82690,Wreck-It Ralph,2012,101,English,,,,,7.7,498199,"Adventure,Animation,Comedy"
337,tt0830515,10764,Quantum of Solace,2008,106,English,,,,,6.5,497305,"Action,Adventure,Mystery"
338,tt0887912,12162,The Hurt Locker,2008,131,English,,,,,7.5,496332,"Drama,Thriller,War"
339,tt0446029,22538,Scott Pilgrim vs. the World,2010,112,English,,,,,7.5,496308,"Action,Comedy,Fantasy"
340,tt2379713,206647,Spectre,2015,148,English,,,,,6.8,496159,"Action,Adventure,Thriller"
341,tt1355644,274870,Passengers,2016,116,English,,,,,7.0,495996,"Drama,Romance,Sci-Fi"
342,tt5095030,363088,Ant-Man and the Wasp,2018,118,English,,,,,7.0,494663,"Action,Adventure,Comedy"
343,tt0780536,8321,In Bruges,2008,107,English,,,,,7.9,493230,"Comedy,Crime,Drama"
344,tt3385516,246655,X-Men: Apocalypse,2016,144,English,,,,,6.8,491917,"Action,Adventure,Sci-Fi"
345,tt1535108,68724,Elysium,2013,109,English,,,,,6.6,491359,"Action,Drama,Sci-Fi"
346,tt1259521,22970,The Cabin in the Woods,2011,95,English,,,,,7.0,489841,"Horror,Mystery,Thriller"
347,tt0942385,7446,Tropic Thunder,2008,107,English,,,,,7.1,489310,"Action,Comedy,War"
348,tt1499658,51540,Horrible Bosses,2011,98,English,,,,,6.9,487685,"Comedy,Crime"
349,tt0092005,235,Stand by Me,1986,89,English,,,,,8.1,487496,"Adventure,Drama"
350,tt0087332,620,Ghostbusters,1984,105,English,,,,,7.8,486996,"Action,Comedy,Fantasy"
351,tt0765429,4982,American Gangster,2007,157,English,,,,,7.8,486131,"Biography,Crime,Drama"
352,tt0377092,10625,Mean Girls,2004,97,English,,,,,7.1,486083,Comedy
353,tt0093779,2493,The Princess Bride,1987,98,English,,,,,8.0,486077,"Adventure,Comedy,Family"
354,tt0382625,591,The Da Vinci Code,2006,149,English,,,,,6.7,485712,"Mystery,Thriller"
355,tt1637688,49530,In Time,2011,109,English,,,,,6.7,483441,"Action,Sci-Fi,Thriller"
356,tt0119698,128,Princess Mononoke,1997,133,English,,,,,8.3,483238,"Adventure,Animation,Fantasy"
357,tt1187043,20453,3 Idiots,2009,170,English,,,,,8.4,481542,"Comedy,Drama"
358,tt3170832,264644,Room,2015,118,English,,,,,8.1,479838,"Drama,Thriller"
359,tt0351283,953,Madagascar,2005,86,English,,,,,6.9,479544,"Adventure,Animation,Comedy"
360,tt0120591,95,Armageddon,1998,151,English,,,,,6.7,479092,"Action,Adventure,Sci-Fi"
361,tt1217209,62177,Brave,2012,93,English,,,,,7.1,478640,"Action,Adventure,Animation"
362,tt0319061,587,Big Fish,2003,125,English,,,,,7.9,478316,"Adventure,Drama,Fantasy"
363,tt0119567,330,The Lost World: Jurassic Park,1997,129,English,,,,,6.6,478016,"Action,Adventure,Sci-Fi"
364,tt0443453,496,Borat,2006,84,English,,,,,7.4,476443,Comedy
365,tt5580390,399055,The Shape of Water,2017,123,English,,,,,7.3,475700,"Drama,Fantasy,Romance"
366,tt0091763,792,Platoon,1986,120,English,,,,,8.1,472412,"Drama,War"
367,tt0088847,2108,The Breakfast Club,1985,97,English,,,,,7.8,472236,"Comedy,Drama"
368,tt0083866,601,E.T. the Extra-Terrestrial,1982,115,English,,,,,7.9,471540,"Adventure,Family,Sci-Fi"
369,tt1605783,59436,Midnight in Paris,2011,94,English,,,,,7.6,470983,"Comedy,Fantasy,Romance"
370,tt0360717,254,King Kong,2005,187,English,,,,,7.2,470422,"Action,Adventure,Romance"
371,tt0119174,2649,The Game,1997,129,English,,,,,7.7,470337,"Drama,Mystery,Thriller"
372,tt0110475,854,The Mask,1994,101,English,,,,,7.0,469943,"Comedy,Crime,Fantasy"
373,tt0315327,310,Bruce Almighty,2003,101,English,,,,,6.8,469745,"Comedy,Fantasy"
374,tt0105695,33,Unforgiven,1992,130,English,,,,,8.2,468620,"Drama,Western"
375,tt0163651,2105,American Pie,1999,95,English,,,,,7.0,468167,Comedy
376,tt0086879,279,Amadeus,1984,160,English,,,,,8.4,467551,"Biography,Drama,Music"
377,tt0217869,9741,Unbreakable,2000,106,English,,,,,7.3,467508,"Drama,Mystery,Sci-Fi"
378,tt1014759,12155,Alice in Wonderland,2010,108,English,,,,,6.4,467477,"Adventure,Family,Fantasy"
379,tt0369339,1538,Collateral,2004,120,English,,,,,7.5,467121,"Action,Crime,Drama"
380,tt0455944,156022,The Equalizer,2014,132,English,,,,,7.3,465393,"Action,Crime,Thriller"
381,tt0831387,124905,Godzilla,2014,123,English,,,,,6.4,464461,"Action,Adventure,Sci-Fi"
382,tt0375679,1640,Crash,2004,112,English,,,,,7.7,462187,"Crime,Drama,Thriller"
383,tt1690953,93456,Despicable Me 2,2013,98,English,,,,,7.3,459240,"Adventure,Animation,Comedy"
384,tt0363771,411,"The Chronicles of Narnia: The Lion, the Witch and the Wardrobe",2005,143,English,,,,,6.9,457658,"Adventure,Family,Fantasy"
385,tt0232500,9799,The Fast and the Furious,2001,106,English,,,,,6.8,456951,"Action,Crime,Thriller"
386,tt1399103,38356,Transformers: Dark of the Moon,2011,154,English,,,,,6.2,455625,"Action,Adventure,Animation"
387,tt0104431,772,Home Alone 2: Lost in New York,1992,120,English,,,,,6.9,455589,"Adventure,Comedy,Crime"
388,tt1245492,109414,This Is the End,2013,107,English,,,,,6.6,455418,"Comedy,Fantasy,Sci-Fi"
389,tt0099674,242,The Godfather Part III,1990,162,English,,,,,7.5,455287,"Crime,Drama"
390,tt0265086,855,Black Hawk Down,2001,144,English,,,,,7.7,454421,"Action,Drama,History"
391,tt1055369,8373,Transformers: Revenge of the Fallen,2009,149,English,,,,,6.0,453940,"Action,Adventure,Sci-Fi"
392,tt0147800,4951,10 Things I Hate About You,1999,97,English,,,,,7.4,449283,"Comedy,Drama,Romance"
393,tt0840361,23168,The Town,2010,125,English,,,,,7.5,447459,"Crime,Drama,Thriller"
394,tt2381249,177677,Mission: Impossible - Rogue Nation,2015,131,English,,,,,7.4,445749,"Action,Adventure,Thriller"
395,tt0117571,4232,Scream,1996,111,English,,,,,7.4,445500,"Horror,Mystery"
396,tt0118971,1813,The Devil's Advocate,1997,144,English,,,,,7.5,444254,"Drama,Fantasy,Mystery"
397,tt1060277,7191,Cloverfield,2008,85,English,,,,,7.0,443771,"Action,Horror,Sci-Fi"
398,tt0109686,8467,Dumb and Dumber,1994,107,English,,,,,7.3,443603,Comedy
399,tt1282140,37735,Easy A,2010,92,English,,,,,7.0,443361,"Comedy,Drama,Romance"
400,tt0405094,582,The Lives of Others,2006,137,English,,,,,8.4,442916,"Drama,Mystery,Thriller"
401,tt0361862,4553,The Machinist,2004,101,English,,,,,7.6,441585,"Drama,Thriller"
402,tt3521164,277834,Moana,2016,107,English,,,,,7.6,440216,"Adventure,Animation,Comedy"
403,tt1905041,82992,Fast & Furious 6,2013,130,English,,,,,7.0,439668,"Action,Thriller"
404,tt2294449,187017,22 Jump Street,2014,112,English,,,,,7.0,439384,"Action,Comedy,Crime"
405,tt2820852,168259,Furious 7,2015,137,English,,,,,7.1,439383,"Action,Thriller"
406,tt0349903,163,Ocean's Twelve,2004,125,English,,,,,6.5,438389,"Crime,Thriller"
407,tt0181852,296,Terminator 3: Rise of the Machines,2003,109,English,,,,,6.3,436905,"Action,Sci-Fi"
408,tt0337978,1571,Live Free or Die Hard,2007,128,English,,,,,7.1,435716,"Action,Thriller"
409,tt0079470,583,Monty Python's Life of Brian,1979,94,English,,,,,8.0,435088,Comedy
410,tt2194499,122906,About Time,2013,123,English,,,,,7.8,433465,"Comedy,Drama,Fantasy"
411,tt1596343,51497,Fast Five,2011,130,English,,,,,7.3,433030,"Action,Crime,Thriller"
412,tt0096895,268,Batman,1989,126,English,,,,,7.5,432022,"Action,Adventure"
413,tt0120912,608,Men in Black II,2002,88,English,,,,,6.2,431357,"Action,Adventure,Comedy"
414,tt0096283,8392,My Neighbor Totoro,1988,86,English,,,,,8.1,430778,"Adventure,Animation,Comedy"
415,tt0112864,1572,Die Hard: With a Vengeance,1995,128,English,,,,,7.6,430460,"Action,Adventure,Thriller"
416,tt0120663,345,Eyes Wide Shut,1999,159,English,,,,,7.5,428429,"Drama,Mystery,Thriller"
417,tt0493464,8909,Wanted,2008,110,English,,,,,6.7,428387,"Action,Crime,Thriller"
418,tt0166924,1018,Mulholland Drive,2001,147,English,,,,,7.9,427996,"Drama,Mystery,Thriller"
419,tt0230600,1933,The Others,2001,104,English,,,,,7.6,426929,"Horror,Mystery,Thriller"
420,tt0119094,754,Face/Off,1997,138,English,,,,,7.3,426663,"Action,Crime,Sci-Fi"
421,tt0317919,956,Mission: Impossible III,2006,126,English,,,,,6.9,424746,"Action,Adventure,Thriller"
422,tt0454848,388,Inside Man,2006,129,English,,,,,7.6,424500,"Crime,Drama,Mystery"
423,tt1453405,62211,Monsters University,2013,104,English,,,,,7.2,424337,"Adventure,Animation,Comedy"
424,tt2582846,222935,The Fault in Our Stars,2014,126,English,,,,,7.6,424270,"Drama,Romance"
425,tt1542344,44115,127 Hours,2010,94,English,,,,,7.5,424267,"Biography,Drama"
426,tt1587310,102651,Maleficent,2014,97,English,,,,,6.9,424039,"Adventure,Drama,Family"
427,tt0111257,1637,Speed,1994,116,English,,,,,7.3,423023,"Action,Adventure,Thriller"
428,tt1190080,14161,2012,2009,158,English,,,,,5.9,421712,"Action,Adventure,Sci-Fi"
429,tt1706620,110415,Snowpiercer,2013,126,English,,,,,7.1,420354,"Action,Sci-Fi,Thriller"
430,tt1632708,50544,Friends with Benefits,2011,109,English,,,,,6.5,419809,"Comedy,Romance"
431,tt0328107,9509,Man on Fire,2004,146,English,,,,,7.7,419554,"Action,Crime,Drama"
432,tt4912910,353081,Mission: Impossible - Fallout,2018,147,English,,,,,7.7,419498,"Action,Adventure,Thriller"
433,tt0094721,4011,Beetlejuice,1988,92,English,,,,,7.4,418082,"Comedy,Fantasy"
434,tt0388795,142,Brokeback Mountain,2005,134,English,,,,,7.7,416730,"Drama,Romance"
435,tt0091042,9377,Ferris Bueller's Day Off,1986,103,English,,,,,7.8,415633,Comedy
436,tt1490017,137106,The Lego Movie,2014,100,English,,,,,7.7,415504,"Action,Adventure,Animation"
437,tt3799694,290250,The Nice Guys,2016,116,English,,,,,7.4,414648,"Action,Comedy,Crime"
438,tt0343660,1824,50 First Dates,2004,99,English,,,,,6.8,414437,"Comedy,Drama,Romance"
439,tt0286106,2675,Signs,2002,106,English,,,,,6.8,413962,"Drama,Mystery,Sci-Fi"
440,tt0120755,955,Mission: Impossible II,2000,123,English,,,,,6.1,413898,"Action,Adventure,Thriller"
441,tt1951266,131634,The Hunger Games: Mockingjay - Part 2,2015,137,English,,,,,6.6,413728,"Action,Adventure,Sci-Fi"
442,tt0113497,8844,Jumanji,1995,104,English,,,,,7.1,412800,"Adventure,Comedy,Family"
443,tt0162661,2668,Sleepy Hollow,1999,105,English,,,,,7.3,412766,"Fantasy,Horror,Mystery"
444,tt1409024,41154,Men in Black 3,2012,106,English,,,,,6.8,411690,"Action,Adventure,Comedy"
445,tt0107688,9479,The Nightmare Before Christmas,1993,76,English,,,,,7.9,411146,"Adventure,Animation,Family"
446,tt0081398,1578,Raging Bull,1980,129,English,,,,,8.1,410893,"Biography,Drama,Sport"
447,tt0477347,1593,Night at the Museum,2006,108,English,,,,,6.5,409526,"Adventure,Comedy,Family"
448,tt2106476,103663,The Hunt,2012,115,English,,,,,8.3,408893,Drama
449,tt3778644,348350,Solo: A Star Wars Story,2018,135,English,,,,,6.9,408674,"Action,Adventure,Sci-Fi"
450,tt0087843,311,Once Upon a Time in America,1984,229,English,,,,,8.3,408629,"Crime,Drama"
451,tt0338751,2567,The Aviator,2004,170,English,,,,,7.5,408239,"Biography,Drama"
452,tt0964517,45317,The Fighter,2010,116,English,,,,,7.8,407787,"Action,Biography,Drama"
453,tt0360486,561,Constantine,2005,121,English,,,,,7.0,407374,"Action,Fantasy,Horror"
454,tt0099423,1573,Die Hard 2,1990,124,English,,,,,7.2,407074,"Action,Thriller"
455,tt0317740,9654,The Italian Job,2003,111,English,,,,,7.0,407039,"Action,Crime,Thriller"
456,tt0408236,13885,Sweeney Todd: The Demon Barber of Fleet Street,2007,116,English,,,,,7.3,406346,"Drama,Horror,Musical"
457,tt1068680,10201,Yes Man,2008,104,English,,,,,6.8,404681,"Comedy,Romance"
458,tt0100405,114,Pretty Woman,1990,119,English,,,,,7.1,404671,"Comedy,Romance"
459,tt0443543,1491,The Illusionist,2006,110,English,,,,,7.5,404280,"Drama,Fantasy,Mystery"
460,tt0119396,184,Jackie Brown,1997,154,English,,,,,7.5,403926,"Crime,Drama,Thriller"
461,tt0298130,565,The Ring,2002,115,English,,,,,7.1,402025,"Horror,Mystery"
462,tt1646971,82702,How to Train Your Dragon 2,2014,102,English,,,,,7.8,401385,"Action,Adventure,Animation"
463,tt0357413,8699,Anchorman: The Legend of Ron Burgundy,2004,94,English,,,,,7.1,401279,Comedy
464,tt4649466,343668,Kingsman: The Golden Circle,2017,141,English,,,,,6.7,401101,"Action,Adventure,Comedy"
465,tt0363163,613,Downfall,2004,156,English,,,,,8.2,400163,"Biography,Drama,History"
466,tt0478311,4964,Knocked Up,2007,129,English,,,,,6.9,398845,"Comedy,Romance"
467,tt0396269,9522,Wedding Crashers,2005,119,English,,,,,7.0,397920,"Comedy,Romance"
468,tt1907668,87502,Flight,2012,138,English,,,,,7.3,397097,"Drama,Thriller"
469,tt1041829,18240,The Proposal,2009,108,English,,,,,6.8,396483,"Comedy,Drama,Romance"
470,tt2140479,302946,The Accountant,2016,128,English,,,,,7.3,395863,"Action,Crime,Drama"
471,tt1182345,17431,Moon,2009,97,English,,,,,7.8,394844,"Drama,Mystery,Sci-Fi"
472,tt2798920,300668,Annihilation,2018,115,English,,,,,6.8,393394,"Adventure,Drama,Horror"
473,tt0438488,534,Terminator Salvation,2009,115,English,,,,,6.5,392630,"Action,Adventure,Sci-Fi"
474,tt0395169,205,Hotel Rwanda,2004,121,English,,,,,8.1,391839,"Biography,Drama,History"
475,tt0790724,75780,Jack Reacher,2012,130,English,,,,,7.0,391552,"Action,Thriller"
476,tt5311514,372058,Your Name.,2016,106,English,,,,,8.4,391464,"Animation,Drama,Fantasy"
477,tt1104001,20526,Tron: Legacy,2010,125,English,,,,,6.8,387068,"Action,Adventure,Sci-Fi"
478,tt0496806,298,Ocean's Thirteen,2007,122,English,,,,,6.9,387051,"Crime,Thriller"
479,tt0389860,9339,Click,2006,107,English,,,,,6.4,387007,"Comedy,Drama,Fantasy"
480,tt0077416,11778,The Deer Hunter,1978,183,English,,,,,8.1,386757,"Drama,War"
481,tt0878804,22881,The Blind Side,2009,129,English,,,,,7.6,386661,"Biography,Drama,Sport"
482,tt1371111,83542,Cloud Atlas,2012,172,English,,,,,7.3,386464,"Drama,Mystery,Sci-Fi"
483,tt1790809,166426,Pirates of the Caribbean: Dead Men Tell No Tales,2017,129,English,,,,,6.5,384657,"Action,Adventure,Fantasy"
484,tt0095327,12477,Grave of the Fireflies,1988,88,English,,,,,8.5,384494,"Animation,Drama,War"
485,tt0125439,509,Notting Hill,1999,124,English,,,,,7.2,384112,"Comedy,Drama,Romance"
486,tt1179933,333371,10 Cloverfield Lane,2016,103,English,,,,,7.2,383821,"Drama,Horror,Sci-Fi"
487,tt1748122,83666,Moonrise Kingdom,2012,94,English,,,,,7.7,382829,"Adventure,Comedy,Drama"
488,tt1065073,85350,Boyhood,2014,165,English,,,,,7.9,381655,Drama
489,tt4881806,351286,Jurassic World: Fallen Kingdom,2018,128,English,,,,,6.1,381053,"Action,Adventure,Sci-Fi"
490,tt0100802,861,Total Recall,1990,113,English,,,,,7.5,380907,"Action,Adventure,Sci-Fi"
491,tt1650062,37686,Super 8,2011,112,English,,,,,7.0,380745,"Action,Sci-Fi,Thriller"
492,tt1320253,27578,The Expendables,2010,103,English,,,,,6.4,380416,"Action,Adventure,Thriller"
493,tt0433035,39254,Real Steel,2011,127,English,,,,,7.1,380412,"Action,Drama,Sci-Fi"
494,tt0117500,9802,The Rock,1996,136,English,,,,,7.4,380032,"Action,Adventure,Thriller"
495,tt0212338,1597,Meet the Parents,2000,108,English,,,,,7.0,378168,"Comedy,Romance"
496,tt0112471,76,Before Sunrise,1995,101,English,,,,,8.1,376963,"Comedy,Drama,Romance"
497,tt0071315,829,Chinatown,1974,130,English,,,,,8.1,376890,"Drama,Mystery,Thriller"
498,tt0368891,2059,National Treasure,2004,131,English,,,,,6.9,376755,"Action,Adventure,Mystery"
499,tt2788710,228967,The Interview,2014,112,English,,,,,6.5,376741,"Action,Adventure,Comedy"
500,tt0110148,628,Interview with the Vampire: The Vampire Chronicles,1994,123,English,,,,,7.5,376457,"Drama,Fantasy,Horror"
