movie_id,platform_id,region,access_type,start_date,end_date
1,3,US,rent,2024-01-01,
1,10,US,buy,2024-01-01,
1,2,US,rent,2024-01-01,
2,4,US,buy,2024-01-01,
2,7,US,subscription,2024-01-01,
3,8,US,buy,2024-01-01,
4,4,US,rent,2024-01-01,
4,8,US,rent,2024-01-01,
5,6,US,subscription,2024-01-01,
6,3,US,subscription,2024-01-01,
7,2,US,subscription,2024-01-01,
8,3,US,buy,2024-01-01,
8,8,US,subscription,2024-01-01,
9,1,US,rent,2024-01-01,
9,3,US,rent,2024-01-01,
9,2,US,rent,2024-01-01,
10,2,US,subscription,2024-01-01,
11,9,US,rent,2024-01-01,
12,4,US,buy,2024-01-01,
12,10,US,subscription,2024-01-01,
13,7,US,buy,2024-01-01,
13,4,US,buy,2024-01-01,
14,9,US,buy,2024-01-01,
15,10,US,rent,2024-01-01,
16,6,US,buy,2024-01-01,
17,5,US,subscription,2024-01-01,
17,4,US,rent,2024-01-01,
17,1,US,rent,2024-01-01,
18,3,US,buy,2024-01-01,
18,10,US,buy,2024-01-01,
18,4,US,rent,2024-01-01,
19,1,US,subscription,2024-01-01,
19,7,US,rent,2024-01-01,
20,4,US,subscription,2024-01-01,
21,3,US,buy,2024-01-01,
21,9,US,buy,2024-01-01,
22,2,US,buy,2024-01-01,
22,6,US,buy,2024-01-01,
22,1,US,subscription,2024-01-01,
23,8,US,rent,2024-01-01,
23,1,US,subscription,2024-01-01,
24,7,US,subscription,2024-01-01,
24,3,US,buy,2024-01-01,
25,2,US,rent,2024-01-01,
26,9,US,rent,2024-01-01,
27,4,US,rent,2024-01-01,
28,6,US,subscription,2024-01-01,
28,8,US,buy,2024-01-01,
29,3,US,subscription,2024-01-01,
29,7,US,subscription,2024-01-01,
30,5,US,subscription,2024-01-01,
30,9,US,rent,2024-01-01,
31,10,US,rent,2024-01-01,
31,9,US,subscription,2024-01-01,
32,1,US,buy,2024-01-01,
32,5,US,buy,2024-01-01,
33,1,US,rent,2024-01-01,
34,5,US,buy,2024-01-01,
34,10,US,buy,2024-01-01,
34,7,US,rent,2024-01-01,
35,10,US,subscription,2024-01-01,
35,8,US,buy,2024-01-01,
35,1,US,subscription,2024-01-01,
36,2,US,rent,2024-01-01,
36,1,US,rent,2024-01-01,
37,1,US,subscription,2024-01-01,
37,3,US,buy,2024-01-01,
38,4,US,subscription,2024-01-01,
39,9,US,subscription,2024-01-01,
39,6,US,rent,2024-01-01,
40,2,US,buy,2024-01-01,
41,7,US,rent,2024-01-01,
41,9,US,buy,2024-01-01,
41,3,US,subscription,2024-01-01,
42,2,US,buy,2024-01-01,
42,3,US,rent,2024-01-01,
43,1,US,rent,2024-01-01,
43,2,US,buy,2024-01-01,
44,8,US,subscription,2024-01-01,
44,5,US,subscription,2024-01-01,
44,2,US,subscription,2024-01-01,
45,10,US,rent,2024-01-01,
45,3,US,subscription,2024-01-01,
45,9,US,rent,2024-01-01,
46,9,US,subscription,2024-01-01,
46,2,US,rent,2024-01-01,
47,7,US,buy,2024-01-01,
47,6,US,rent,2024-01-01,
47,1,US,rent,2024-01-01,
48,5,US,rent,2024-01-01,
48,1,US,rent,2024-01-01,
49,7,US,subscription,2024-01-01,
50,8,US,rent,2024-01-01,
50,5,US,subscription,2024-01-01,
50,3,US,rent,2024-01-01,
51,3,US,subscription,2024-01-01,
51,9,US,subscription,2024-01-01,
51,4,US,buy,2024-01-01,
52,9,US,subscription,2024-01-01,
52,2,US,subscription,2024-01-01,
53,6,US,buy,2024-01-01,
53,8,US,rent,2024-01-01,
54,9,US,subscription,2024-01-01,
54,10,US,buy,2024-01-01,
54,5,US,rent,2024-01-01,
55,6,US,subscription,2024-01-01,
56,5,US,subscription,2024-01-01,
56,2,US,buy,2024-01-01,
56,7,US,subscription,2024-01-01,
57,2,US,rent,2024-01-01,
58,7,US,rent,2024-01-01,
58,4,US,rent,2024-01-01,
58,9,US,buy,2024-01-01,
59,9,US,rent,2024-01-01,
59,10,US,subscription,2024-01-01,
59,6,US,buy,2024-01-01,
60,10,US,buy,2024-01-01,
60,6,US,subscription,2024-01-01,
60,8,US,rent,2024-01-01,
61,7,US,rent,2024-01-01,
62,9,US,subscription,2024-01-01,
62,1,US,buy,2024-01-01,
62,7,US,subscription,2024-01-01,
63,8,US,buy,2024-01-01,
63,7,US,rent,2024-01-01,
63,10,US,buy,2024-01-01,
64,6,US,rent,2024-01-01,
64,10,US,subscription,2024-01-01,
65,9,US,rent,2024-01-01,
65,7,US,buy,2024-01-01,
66,10,US,subscription,2024-01-01,
66,5,US,buy,2024-01-01,
67,7,US,rent,2024-01-01,
68,7,US,subscription,2024-01-01,
68,3,US,subscription,2024-01-01,
68,9,US,subscription,2024-01-01,
69,9,US,rent,2024-01-01,
69,4,US,buy,2024-01-01,
70,3,US,rent,2024-01-01,
70,4,US,rent,2024-01-01,
71,7,US,subscription,2024-01-01,
71,10,US,subscription,2024-01-01,
72,10,US,rent,2024-01-01,
72,5,US,rent,2024-01-01,
72,9,US,subscription,2024-01-01,
73,2,US,rent,2024-01-01,
74,7,US,subscription,2024-01-01,
74,3,US,subscription,2024-01-01,
74,4,US,buy,2024-01-01,
75,1,US,rent,2024-01-01,
75,6,US,rent,2024-01-01,
76,6,US,rent,2024-01-01,
76,4,US,buy,2024-01-01,
76,8,US,buy,2024-01-01,
77,3,US,buy,2024-01-01,
78,4,US,rent,2024-01-01,
78,8,US,rent,2024-01-01,
78,6,US,buy,2024-01-01,
79,4,US,buy,2024-01-01,
79,6,US,rent,2024-01-01,
80,5,US,buy,2024-01-01,
80,7,US,subscription,2024-01-01,
80,6,US,buy,2024-01-01,
81,3,US,subscription,2024-01-01,
81,5,US,rent,2024-01-01,
82,4,US,subscription,2024-01-01,
83,8,US,subscription,2024-01-01,
84,7,US,buy,2024-01-01,
84,3,US,subscription,2024-01-01,
85,10,US,subscription,2024-01-01,
86,4,US,subscription,2024-01-01,
87,10,US,subscription,2024-01-01,
88,7,US,rent,2024-01-01,
88,2,US,buy,2024-01-01,
88,1,US,rent,2024-01-01,
89,6,US,buy,2024-01-01,
90,8,US,rent,2024-01-01,
91,2,US,subscription,2024-01-01,
91,7,US,subscription,2024-01-01,
92,9,US,buy,2024-01-01,
92,10,US,subscription,2024-01-01,
93,8,US,buy,2024-01-01,
93,4,US,rent,2024-01-01,
94,9,US,subscription,2024-01-01,
94,3,US,rent,2024-01-01,
94,1,US,subscription,2024-01-01,
95,6,US,buy,2024-01-01,
95,7,US,subscription,2024-01-01,
96,6,US,buy,2024-01-01,
96,1,US,subscription,2024-01-01,
96,8,US,rent,2024-01-01,
97,4,US,rent,2024-01-01,
98,9,US,buy,2024-01-01,
98,10,US,rent,2024-01-01,
99,8,US,buy,2024-01-01,
100,1,US,subscription,2024-01-01,
100,10,US,rent,2024-01-01,
101,8,US,buy,2024-01-01,
102,6,US,buy,2024-01-01,
103,5,US,subscription,2024-01-01,
103,10,US,subscription,2024-01-01,
103,4,US,buy,2024-01-01,
104,5,US,buy,2024-01-01,
104,1,US,subscription,2024-01-01,
104,3,US,rent,2024-01-01,
105,2,US,buy,2024-01-01,
106,8,US,rent,2024-01-01,
107,10,US,buy,2024-01-01,
107,6,US,buy,2024-01-01,
107,4,US,subscription,2024-01-01,
108,9,US,subscription,2024-01-01,
109,9,US,subscription,2024-01-01,
109,7,US,rent,2024-01-01,
109,1,US,rent,2024-01-01,
110,5,US,buy,2024-01-01,
110,2,US,subscription,2024-01-01,
111,5,US,subscription,2024-01-01,
112,4,US,buy,2024-01-01,
112,3,US,rent,2024-01-01,
113,6,US,buy,2024-01-01,
113,5,US,buy,2024-01-01,
114,10,US,rent,2024-01-01,
114,3,US,rent,2024-01-01,
115,3,US,buy,2024-01-01,
115,1,US,buy,2024-01-01,
115,10,US,subscription,2024-01-01,
116,10,US,rent,2024-01-01,
116,3,US,buy,2024-01-01,
117,1,US,rent,2024-01-01,
117,6,US,buy,2024-01-01,
117,2,US,rent,2024-01-01,
118,5,US,subscription,2024-01-01,
119,8,US,subscription,2024-01-01,
119,9,US,rent,2024-01-01,
120,6,US,rent,2024-01-01,
120,9,US,buy,2024-01-01,
121,5,US,buy,2024-01-01,
121,1,US,subscription,2024-01-01,
122,6,US,rent,2024-01-01,
122,10,US,rent,2024-01-01,
123,4,US,subscription,2024-01-01,
123,3,US,buy,2024-01-01,
124,6,US,rent,2024-01-01,
124,9,US,buy,2024-01-01,
125,2,US,buy,2024-01-01,
126,10,US,subscription,2024-01-01,
126,1,US,subscription,2024-01-01,
127,2,US,buy,2024-01-01,
127,5,US,subscription,2024-01-01,
127,3,US,subscription,2024-01-01,
128,5,US,rent,2024-01-01,
129,8,US,buy,2024-01-01,
129,3,US,rent,2024-01-01,
130,6,US,buy,2024-01-01,
131,6,US,rent,2024-01-01,
131,4,US,buy,2024-01-01,
131,7,US,rent,2024-01-01,
132,7,US,subscription,2024-01-01,
133,9,US,rent,2024-01-01,
133,4,US,rent,2024-01-01,
134,5,US,subscription,2024-01-01,
135,6,US,rent,2024-01-01,
136,2,US,subscription,2024-01-01,
136,3,US,buy,2024-01-01,
136,4,US,rent,2024-01-01,
137,9,US,buy,2024-01-01,
138,4,US,rent,2024-01-01,
138,2,US,buy,2024-01-01,
138,7,US,buy,2024-01-01,
139,6,US,buy,2024-01-01,
140,7,US,subscription,2024-01-01,
140,10,US,subscription,2024-01-01,
140,4,US,rent,2024-01-01,
141,1,US,buy,2024-01-01,
142,6,US,buy,2024-01-01,
142,10,US,buy,2024-01-01,
143,7,US,subscription,2024-01-01,
143,10,US,rent,2024-01-01,
143,1,US,buy,2024-01-01,
144,6,US,rent,2024-01-01,
145,4,US,rent,2024-01-01,
146,8,US,rent,2024-01-01,
146,10,US,subscription,2024-01-01,
146,7,US,rent,2024-01-01,
147,4,US,subscription,2024-01-01,
148,10,US,rent,2024-01-01,
148,1,US,buy,2024-01-01,
149,9,US,buy,2024-01-01,
149,6,US,subscription,2024-01-01,
150,9,US,subscription,2024-01-01,
151,1,US,subscription,2024-01-01,
152,10,US,rent,2024-01-01,
152,5,US,buy,2024-01-01,
152,2,US,subscription,2024-01-01,
153,2,US,rent,2024-01-01,
153,9,US,subscription,2024-01-01,
154,9,US,subscription,2024-01-01,
154,7,US,rent,2024-01-01,
154,3,US,rent,2024-01-01,
155,9,US,buy,2024-01-01,
155,1,US,rent,2024-01-01,
155,5,US,buy,2024-01-01,
156,9,US,buy,2024-01-01,
156,3,US,buy,2024-01-01,
157,6,US,rent,2024-01-01,
158,2,US,rent,2024-01-01,
159,8,US,rent,2024-01-01,
160,3,US,buy,2024-01-01,
161,7,US,rent,2024-01-01,
162,7,US,rent,2024-01-01,
162,1,US,rent,2024-01-01,
162,3,US,rent,2024-01-01,
163,1,US,rent,2024-01-01,
164,1,US,rent,2024-01-01,
165,7,US,subscription,2024-01-01,
165,10,US,rent,2024-01-01,
166,8,US,subscription,2024-01-01,
166,2,US,rent,2024-01-01,
167,1,US,buy,2024-01-01,
168,8,US,rent,2024-01-01,
168,9,US,subscription,2024-01-01,
168,4,US,buy,2024-01-01,
169,4,US,buy,2024-01-01,
169,6,US,buy,2024-01-01,
169,2,US,subscription,2024-01-01,
170,3,US,rent,2024-01-01,
170,10,US,buy,2024-01-01,
170,2,US,subscription,2024-01-01,
171,8,US,rent,2024-01-01,
171,9,US,buy,2024-01-01,
171,2,US,rent,2024-01-01,
172,1,US,buy,2024-01-01,
172,4,US,subscription,2024-01-01,
173,3,US,subscription,2024-01-01,
174,10,US,rent,2024-01-01,
174,3,US,buy,2024-01-01,
174,8,US,subscription,2024-01-01,
175,3,US,subscription,2024-01-01,
176,6,US,subscription,2024-01-01,
177,4,US,buy,2024-01-01,
177,9,US,subscription,2024-01-01,
177,5,US,buy,2024-01-01,
178,2,US,buy,2024-01-01,
179,7,US,buy,2024-01-01,
180,1,US,subscription,2024-01-01,
180,4,US,buy,2024-01-01,
180,10,US,subscription,2024-01-01,
181,5,US,subscription,2024-01-01,
182,1,US,subscription,2024-01-01,
182,10,US,subscription,2024-01-01,
183,5,US,rent,2024-01-01,
183,7,US,subscription,2024-01-01,
183,3,US,rent,2024-01-01,
184,2,US,rent,2024-01-01,
184,6,US,rent,2024-01-01,
185,3,US,rent,2024-01-01,
185,8,US,rent,2024-01-01,
185,6,US,rent,2024-01-01,
186,10,US,rent,2024-01-01,
186,2,US,subscription,2024-01-01,
186,5,US,subscription,2024-01-01,
187,6,US,subscription,2024-01-01,
187,5,US,subscription,2024-01-01,
187,9,US,subscription,2024-01-01,
188,8,US,subscription,2024-01-01,
188,2,US,buy,2024-01-01,
188,1,US,rent,2024-01-01,
189,7,US,rent,2024-01-01,
189,2,US,rent,2024-01-01,
190,10,US,subscription,2024-01-01,
190,4,US,subscription,2024-01-01,
190,1,US,rent,2024-01-01,
191,8,US,buy,2024-01-01,
191,3,US,buy,2024-01-01,
192,9,US,rent,2024-01-01,
192,1,US,rent,2024-01-01,
192,10,US,buy,2024-01-01,
193,1,US,subscription,2024-01-01,
193,3,US,subscription,2024-01-01,
194,9,US,rent,2024-01-01,
195,1,US,buy,2024-01-01,
195,5,US,subscription,2024-01-01,
195,9,US,buy,2024-01-01,
196,9,US,buy,2024-01-01,
196,10,US,subscription,2024-01-01,
197,5,US,buy,2024-01-01,
197,6,US,buy,2024-01-01,
198,2,US,buy,2024-01-01,
198,10,US,rent,2024-01-01,
198,3,US,buy,2024-01-01,
199,10,US,buy,2024-01-01,
199,3,US,subscription,2024-01-01,
200,2,US,buy,2024-01-01,
200,4,US,rent,2024-01-01,
200,8,US,buy,2024-01-01,
201,9,US,subscription,2024-01-01,
201,2,US,rent,2024-01-01,
202,6,US,rent,2024-01-01,
202,8,US,subscription,2024-01-01,
203,7,US,rent,2024-01-01,
203,3,US,buy,2024-01-01,
204,4,US,subscription,2024-01-01,
204,3,US,subscription,2024-01-01,
204,10,US,buy,2024-01-01,
205,8,US,buy,2024-01-01,
205,6,US,buy,2024-01-01,
206,3,US,subscription,2024-01-01,
206,1,US,rent,2024-01-01,
207,6,US,buy,2024-01-01,
208,4,US,subscription,2024-01-01,
209,3,US,subscription,2024-01-01,
209,9,US,buy,2024-01-01,
209,4,US,rent,2024-01-01,
210,3,US,subscription,2024-01-01,
211,4,US,buy,2024-01-01,
211,10,US,rent,2024-01-01,
212,7,US,rent,2024-01-01,
212,6,US,rent,2024-01-01,
212,2,US,buy,2024-01-01,
213,8,US,rent,2024-01-01,
214,5,US,buy,2024-01-01,
215,5,US,buy,2024-01-01,
215,8,US,buy,2024-01-01,
216,3,US,buy,2024-01-01,
216,2,US,subscription,2024-01-01,
217,1,US,buy,2024-01-01,
217,5,US,subscription,2024-01-01,
217,3,US,buy,2024-01-01,
218,9,US,buy,2024-01-01,
218,10,US,subscription,2024-01-01,
218,5,US,rent,2024-01-01,
219,7,US,subscription,2024-01-01,
219,10,US,buy,2024-01-01,
220,1,US,buy,2024-01-01,
221,9,US,rent,2024-01-01,
221,10,US,rent,2024-01-01,
221,2,US,subscription,2024-01-01,
222,7,US,rent,2024-01-01,
222,5,US,buy,2024-01-01,
222,1,US,subscription,2024-01-01,
223,1,US,subscription,2024-01-01,
224,9,US,rent,2024-01-01,
224,6,US,buy,2024-01-01,
225,9,US,buy,2024-01-01,
226,7,US,buy,2024-01-01,
227,8,US,subscription,2024-01-01,
227,9,US,rent,2024-01-01,
227,7,US,rent,2024-01-01,
228,10,US,buy,2024-01-01,
229,3,US,buy,2024-01-01,
229,5,US,rent,2024-01-01,
229,9,US,buy,2024-01-01,
230,10,US,buy,2024-01-01,
230,5,US,rent,2024-01-01,
231,2,US,buy,2024-01-01,
231,8,US,buy,2024-01-01,
231,10,US,rent,2024-01-01,
232,3,US,subscription,2024-01-01,
232,2,US,rent,2024-01-01,
233,10,US,rent,2024-01-01,
233,2,US,subscription,2024-01-01,
233,7,US,subscription,2024-01-01,
234,10,US,buy,2024-01-01,
234,3,US,buy,2024-01-01,
235,6,US,subscription,2024-01-01,
235,10,US,subscription,2024-01-01,
236,7,US,subscription,2024-01-01,
237,5,US,subscription,2024-01-01,
237,10,US,buy,2024-01-01,
237,7,US,rent,2024-01-01,
238,1,US,subscription,2024-01-01,
239,4,US,rent,2024-01-01,
239,7,US,rent,2024-01-01,
239,10,US,subscription,2024-01-01,
240,5,US,subscription,2024-01-01,
240,9,US,subscription,2024-01-01,
241,2,US,subscription,2024-01-01,
242,7,US,subscription,2024-01-01,
242,5,US,subscription,2024-01-01,
243,2,US,subscription,2024-01-01,
244,4,US,subscription,2024-01-01,
244,8,US,buy,2024-01-01,
244,6,US,rent,2024-01-01,
245,7,US,subscription,2024-01-01,
246,8,US,rent,2024-01-01,
247,3,US,buy,2024-01-01,
248,9,US,buy,2024-01-01,
248,6,US,subscription,2024-01-01,
249,4,US,rent,2024-01-01,
249,5,US,buy,2024-01-01,
249,7,US,rent,2024-01-01,
250,5,US,rent,2024-01-01,
251,9,US,buy,2024-01-01,
251,7,US,subscription,2024-01-01,
251,5,US,buy,2024-01-01,
252,3,US,buy,2024-01-01,
252,4,US,rent,2024-01-01,
253,1,US,buy,2024-01-01,
253,3,US,buy,2024-01-01,
253,10,US,buy,2024-01-01,
254,6,US,buy,2024-01-01,
255,10,US,buy,2024-01-01,
255,2,US,subscription,2024-01-01,
256,5,US,subscription,2024-01-01,
256,10,US,rent,2024-01-01,
257,9,US,buy,2024-01-01,
257,8,US,subscription,2024-01-01,
258,4,US,rent,2024-01-01,
258,8,US,subscription,2024-01-01,
259,9,US,subscription,2024-01-01,
259,8,US,subscription,2024-01-01,
260,2,US,subscription,2024-01-01,
260,3,US,rent,2024-01-01,
260,7,US,subscription,2024-01-01,
261,10,US,rent,2024-01-01,
261,9,US,subscription,2024-01-01,
262,2,US,subscription,2024-01-01,
263,6,US,rent,2024-01-01,
263,7,US,subscription,2024-01-01,
263,10,US,rent,2024-01-01,
264,3,US,buy,2024-01-01,
264,9,US,buy,2024-01-01,
264,2,US,subscription,2024-01-01,
265,7,US,subscription,2024-01-01,
265,2,US,rent,2024-01-01,
266,7,US,buy,2024-01-01,
266,9,US,rent,2024-01-01,
267,2,US,rent,2024-01-01,
267,5,US,subscription,2024-01-01,
268,9,US,subscription,2024-01-01,
268,1,US,subscription,2024-01-01,
268,6,US,subscription,2024-01-01,
269,2,US,buy,2024-01-01,
270,1,US,rent,2024-01-01,
270,4,US,rent,2024-01-01,
271,4,US,buy,2024-01-01,
272,2,US,subscription,2024-01-01,
272,5,US,buy,2024-01-01,
273,9,US,buy,2024-01-01,
274,1,US,subscription,2024-01-01,
274,10,US,subscription,2024-01-01,
274,7,US,rent,2024-01-01,
275,9,US,rent,2024-01-01,
276,1,US,buy,2024-01-01,
276,5,US,rent,2024-01-01,
277,3,US,subscription,2024-01-01,
277,2,US,subscription,2024-01-01,
278,9,US,rent,2024-01-01,
279,1,US,rent,2024-01-01,
279,3,US,rent,2024-01-01,
280,1,US,rent,2024-01-01,
281,7,US,subscription,2024-01-01,
281,6,US,buy,2024-01-01,
281,5,US,subscription,2024-01-01,
282,5,US,subscription,2024-01-01,
282,4,US,rent,2024-01-01,
283,5,US,rent,2024-01-01,
284,5,US,buy,2024-01-01,
284,2,US,rent,2024-01-01,
284,7,US,subscription,2024-01-01,
285,10,US,subscription,2024-01-01,
286,2,US,subscription,2024-01-01,
286,9,US,rent,2024-01-01,
286,3,US,subscription,2024-01-01,
287,10,US,subscription,2024-01-01,
288,7,US,rent,2024-01-01,
288,3,US,buy,2024-01-01,
288,1,US,rent,2024-01-01,
289,3,US,buy,2024-01-01,
289,9,US,rent,2024-01-01,
290,3,US,buy,2024-01-01,
290,2,US,buy,2024-01-01,
290,9,US,subscription,2024-01-01,
291,8,US,rent,2024-01-01,
292,10,US,buy,2024-01-01,
293,2,US,subscription,2024-01-01,
294,5,US,buy,2024-01-01,
294,3,US,rent,2024-01-01,
295,8,US,rent,2024-01-01,
296,2,US,buy,2024-01-01,
296,8,US,buy,2024-01-01,
296,1,US,subscription,2024-01-01,
297,2,US,subscription,2024-01-01,
297,10,US,subscription,2024-01-01,
297,6,US,rent,2024-01-01,
298,6,US,rent,2024-01-01,
298,10,US,subscription,2024-01-01,
299,4,US,buy,2024-01-01,
300,2,US,buy,2024-01-01,
300,6,US,rent,2024-01-01,
300,1,US,rent,2024-01-01,
301,6,US,rent,2024-01-01,
302,8,US,rent,2024-01-01,
303,4,US,rent,2024-01-01,
303,1,US,rent,2024-01-01,
304,10,US,rent,2024-01-01,
305,6,US,subscription,2024-01-01,
306,1,US,buy,2024-01-01,
306,10,US,subscription,2024-01-01,
307,9,US,subscription,2024-01-01,
307,4,US,rent,2024-01-01,
307,7,US,rent,2024-01-01,
308,9,US,subscription,2024-01-01,
308,6,US,subscription,2024-01-01,
308,8,US,rent,2024-01-01,
309,1,US,subscription,2024-01-01,
310,10,US,buy,2024-01-01,
310,6,US,buy,2024-01-01,
310,1,US,rent,2024-01-01,
311,8,US,buy,2024-01-01,
311,2,US,buy,2024-01-01,
311,6,US,subscription,2024-01-01,
312,8,US,rent,2024-01-01,
312,3,US,subscription,2024-01-01,
312,9,US,rent,2024-01-01,
313,6,US,subscription,2024-01-01,
314,3,US,buy,2024-01-01,
314,7,US,buy,2024-01-01,
315,7,US,rent,2024-01-01,
316,3,US,buy,2024-01-01,
316,8,US,buy,2024-01-01,
316,6,US,rent,2024-01-01,
317,8,US,buy,2024-01-01,
317,10,US,buy,2024-01-01,
318,6,US,buy,2024-01-01,
319,9,US,subscription,2024-01-01,
320,4,US,buy,2024-01-01,
321,2,US,rent,2024-01-01,
321,8,US,rent,2024-01-01,
322,4,US,rent,2024-01-01,
322,10,US,buy,2024-01-01,
323,7,US,buy,2024-01-01,
323,4,US,rent,2024-01-01,
324,2,US,subscription,2024-01-01,
325,2,US,buy,2024-01-01,
326,4,US,subscription,2024-01-01,
326,5,US,subscription,2024-01-01,
327,2,US,subscription,2024-01-01,
327,3,US,buy,2024-01-01,
328,10,US,buy,2024-01-01,
329,9,US,buy,2024-01-01,
329,5,US,buy,2024-01-01,
329,10,US,subscription,2024-01-01,
330,2,US,rent,2024-01-01,
330,10,US,subscription,2024-01-01,
330,4,US,rent,2024-01-01,
331,1,US,rent,2024-01-01,
331,5,US,buy,2024-01-01,
331,2,US,subscription,2024-01-01,
332,5,US,buy,2024-01-01,
333,5,US,subscription,2024-01-01,
333,3,US,buy,2024-01-01,
334,10,US,rent,2024-01-01,
335,4,US,subscription,2024-01-01,
335,1,US,subscription,2024-01-01,
336,8,US,rent,2024-01-01,
336,2,US,buy,2024-01-01,
337,3,US,rent,2024-01-01,
337,4,US,rent,2024-01-01,
338,7,US,buy,2024-01-01,
339,8,US,rent,2024-01-01,
339,7,US,rent,2024-01-01,
339,6,US,buy,2024-01-01,
340,9,US,buy,2024-01-01,
340,2,US,buy,2024-01-01,
340,10,US,rent,2024-01-01,
341,4,US,rent,2024-01-01,
341,10,US,subscription,2024-01-01,
342,8,US,subscription,2024-01-01,
342,7,US,buy,2024-01-01,
342,6,US,buy,2024-01-01,
343,7,US,subscription,2024-01-01,
343,8,US,subscription,2024-01-01,
344,6,US,subscription,2024-01-01,
345,7,US,rent,2024-01-01,
346,2,US,buy,2024-01-01,
346,9,US,rent,2024-01-01,
346,3,US,buy,2024-01-01,
347,7,US,subscription,2024-01-01,
348,8,US,buy,2024-01-01,
348,7,US,subscription,2024-01-01,
348,2,US,rent,2024-01-01,
349,8,US,buy,2024-01-01,
349,9,US,buy,2024-01-01,
349,4,US,buy,2024-01-01,
350,7,US,rent,2024-01-01,
351,8,US,subscription,2024-01-01,
352,4,US,rent,2024-01-01,
353,1,US,buy,2024-01-01,
353,7,US,rent,2024-01-01,
354,1,US,buy,2024-01-01,
354,7,US,subscription,2024-01-01,
354,2,US,buy,2024-01-01,
355,9,US,subscription,2024-01-01,
355,3,US,rent,2024-01-01,
355,7,US,subscription,2024-01-01,
356,2,US,buy,2024-01-01,
356,6,US,rent,2024-01-01,
357,6,US,buy,2024-01-01,
357,3,US,rent,2024-01-01,
357,1,US,buy,2024-01-01,
358,7,US,rent,2024-01-01,
359,4,US,buy,2024-01-01,
359,9,US,buy,2024-01-01,
359,10,US,rent,2024-01-01,
360,1,US,buy,2024-01-01,
361,10,US,rent,2024-01-01,
361,3,US,rent,2024-01-01,
361,4,US,subscription,2024-01-01,
362,5,US,rent,2024-01-01,
362,10,US,buy,2024-01-01,
363,2,US,subscription,2024-01-01,
363,1,US,buy,2024-01-01,
364,4,US,buy,2024-01-01,
365,8,US,buy,2024-01-01,
366,9,US,subscription,2024-01-01,
366,6,US,buy,2024-01-01,
367,2,US,buy,2024-01-01,
368,3,US,subscription,2024-01-01,
369,8,US,subscription,2024-01-01,
369,2,US,subscription,2024-01-01,
369,4,US,buy,2024-01-01,
370,1,US,buy,2024-01-01,
370,6,US,subscription,2024-01-01,
370,10,US,buy,2024-01-01,
371,8,US,rent,2024-01-01,
372,1,US,buy,2024-01-01,
373,5,US,buy,2024-01-01,
373,8,US,subscription,2024-01-01,
373,9,US,subscription,2024-01-01,
374,7,US,subscription,2024-01-01,
374,3,US,buy,2024-01-01,
375,3,US,buy,2024-01-01,
376,10,US,rent,2024-01-01,
376,9,US,rent,2024-01-01,
376,6,US,rent,2024-01-01,
377,10,US,rent,2024-01-01,
378,10,US,subscription,2024-01-01,
378,7,US,rent,2024-01-01,
379,7,US,subscription,2024-01-01,
379,4,US,rent,2024-01-01,
380,9,US,rent,2024-01-01,
380,1,US,rent,2024-01-01,
381,2,US,subscription,2024-01-01,
382,4,US,rent,2024-01-01,
382,10,US,rent,2024-01-01,
383,2,US,buy,2024-01-01,
383,10,US,buy,2024-01-01,
383,7,US,subscription,2024-01-01,
384,4,US,buy,2024-01-01,
384,2,US,buy,2024-01-01,
385,1,US,buy,2024-01-01,
386,10,US,subscription,2024-01-01,
386,5,US,subscription,2024-01-01,
387,2,US,rent,2024-01-01,
388,5,US,buy,2024-01-01,
388,10,US,subscription,2024-01-01,
389,3,US,rent,2024-01-01,
389,7,US,buy,2024-01-01,
389,10,US,buy,2024-01-01,
390,9,US,subscription,2024-01-01,
391,4,US,subscription,2024-01-01,
391,7,US,buy,2024-01-01,
391,5,US,rent,2024-01-01,
392,9,US,subscription,2024-01-01,
392,3,US,buy,2024-01-01,
393,1,US,subscription,2024-01-01,
393,5,US,subscription,2024-01-01,
393,2,US,rent,2024-01-01,
394,10,US,subscription,2024-01-01,
395,2,US,buy,2024-01-01,
395,8,US,buy,2024-01-01,
396,4,US,subscription,2024-01-01,
397,2,US,buy,2024-01-01,
397,1,US,subscription,2024-01-01,
397,3,US,subscription,2024-01-01,
398,1,US,rent,2024-01-01,
398,6,US,rent,2024-01-01,
399,6,US,buy,2024-01-01,
399,2,US,rent,2024-01-01,
400,3,US,rent,2024-01-01,
401,5,US,rent,2024-01-01,
401,1,US,rent,2024-01-01,
401,4,US,subscription,2024-01-01,
402,7,US,subscription,2024-01-01,
402,1,US,subscription,2024-01-01,
403,3,US,subscription,2024-01-01,
403,4,US,rent,2024-01-01,
403,6,US,buy,2024-01-01,
404,3,US,subscription,2024-01-01,
405,10,US,buy,2024-01-01,
405,5,US,buy,2024-01-01,
406,3,US,subscription,2024-01-01,
406,4,US,subscription,2024-01-01,
406,2,US,rent,2024-01-01,
407,10,US,buy,2024-01-01,
407,2,US,rent,2024-01-01,
408,1,US,rent,2024-01-01,
409,8,US,subscription,2024-01-01,
410,9,US,rent,2024-01-01,
410,6,US,subscription,2024-01-01,
410,3,US,subscription,2024-01-01,
411,6,US,subscription,2024-01-01,
411,3,US,subscription,2024-01-01,
411,9,US,buy,2024-01-01,
412,10,US,buy,2024-01-01,
413,6,US,rent,2024-01-01,
413,2,US,rent,2024-01-01,
414,6,US,rent,2024-01-01,
414,4,US,subscription,2024-01-01,
414,3,US,buy,2024-01-01,
415,5,US,buy,2024-01-01,
416,2,US,rent,2024-01-01,
416,5,US,subscription,2024-01-01,
417,5,US,rent,2024-01-01,
417,2,US,rent,2024-01-01,
417,7,US,buy,2024-01-01,
418,4,US,rent,2024-01-01,
418,10,US,rent,2024-01-01,
418,3,US,rent,2024-01-01,
419,8,US,subscription,2024-01-01,
419,2,US,subscription,2024-01-01,
420,5,US,rent,2024-01-01,
420,6,US,rent,2024-01-01,
420,10,US,rent,2024-01-01,
421,7,US,rent,2024-01-01,
421,10,US,subscription,2024-01-01,
421,9,US,rent,2024-01-01,
422,1,US,buy,2024-01-01,
423,7,US,buy,2024-01-01,
424,4,US,rent,2024-01-01,
425,10,US,rent,2024-01-01,
425,7,US,buy,2024-01-01,
426,1,US,buy,2024-01-01,
427,4,US,subscription,2024-01-01,
427,5,US,rent,2024-01-01,
427,10,US,subscription,2024-01-01,
428,10,US,subscription,2024-01-01,
428,9,US,subscription,2024-01-01,
429,7,US,buy,2024-01-01,
430,8,US,subscription,2024-01-01,
430,4,US,buy,2024-01-01,
431,4,US,subscription,2024-01-01,
431,6,US,buy,2024-01-01,
431,1,US,rent,2024-01-01,
432,1,US,subscription,2024-01-01,
433,5,US,subscription,2024-01-01,
433,7,US,buy,2024-01-01,
433,10,US,rent,2024-01-01,
434,2,US,subscription,2024-01-01,
434,8,US,buy,2024-01-01,
434,7,US,rent,2024-01-01,
435,9,US,subscription,2024-01-01,
435,4,US,subscription,2024-01-01,
436,7,US,rent,2024-01-01,
436,4,US,buy,2024-01-01,
437,10,US,rent,2024-01-01,
438,1,US,buy,2024-01-01,
439,10,US,buy,2024-01-01,
439,7,US,buy,2024-01-01,
440,9,US,subscription,2024-01-01,
440,5,US,subscription,2024-01-01,
440,2,US,subscription,2024-01-01,
441,8,US,buy,2024-01-01,
441,9,US,buy,2024-01-01,
441,6,US,rent,2024-01-01,
442,9,US,subscription,2024-01-01,
442,10,US,rent,2024-01-01,
442,1,US,buy,2024-01-01,
443,1,US,subscription,2024-01-01,
443,10,US,subscription,2024-01-01,
443,4,US,subscription,2024-01-01,
444,4,US,subscription,2024-01-01,
444,3,US,buy,2024-01-01,
444,8,US,rent,2024-01-01,
445,7,US,buy,2024-01-01,
445,3,US,buy,2024-01-01,
446,2,US,rent,2024-01-01,
446,6,US,rent,2024-01-01,
446,3,US,buy,2024-01-01,
447,9,US,subscription,2024-01-01,
447,10,US,buy,2024-01-01,
448,4,US,subscription,2024-01-01,
448,5,US,buy,2024-01-01,
449,5,US,rent,2024-01-01,
450,3,US,rent,2024-01-01,
450,4,US,rent,2024-01-01,
451,3,US,rent,2024-01-01,
451,7,US,rent,2024-01-01,
451,8,US,buy,2024-01-01,
452,6,US,buy,2024-01-01,
452,10,US,buy,2024-01-01,
452,4,US,buy,2024-01-01,
453,8,US,buy,2024-01-01,
453,1,US,buy,2024-01-01,
454,2,US,subscription,2024-01-01,
454,10,US,subscription,2024-01-01,
454,6,US,subscription,2024-01-01,
455,1,US,rent,2024-01-01,
455,9,US,rent,2024-01-01,
456,8,US,subscription,2024-01-01,
456,2,US,subscription,2024-01-01,
456,1,US,buy,2024-01-01,
457,3,US,rent,2024-01-01,
457,8,US,rent,2024-01-01,
457,7,US,subscription,2024-01-01,
458,1,US,buy,2024-01-01,
458,10,US,subscription,2024-01-01,
458,9,US,buy,2024-01-01,
459,5,US,subscription,2024-01-01,
459,10,US,buy,2024-01-01,
459,2,US,rent,2024-01-01,
460,3,US,subscription,2024-01-01,
460,9,US,rent,2024-01-01,
460,1,US,buy,2024-01-01,
461,8,US,buy,2024-01-01,
461,7,US,buy,2024-01-01,
461,10,US,subscription,2024-01-01,
462,6,US,subscription,2024-01-01,
462,8,US,buy,2024-01-01,
463,6,US,buy,2024-01-01,
463,10,US,subscription,2024-01-01,
463,1,US,buy,2024-01-01,
464,5,US,rent,2024-01-01,
465,4,US,rent,2024-01-01,
465,7,US,rent,2024-01-01,
465,5,US,rent,2024-01-01,
466,4,US,subscription,2024-01-01,
467,5,US,rent,2024-01-01,
467,6,US,subscription,2024-01-01,
468,3,US,buy,2024-01-01,
468,5,US,rent,2024-01-01,
469,9,US,rent,2024-01-01,
470,3,US,rent,2024-01-01,
471,1,US,buy,2024-01-01,
471,3,US,subscription,2024-01-01,
472,7,US,buy,2024-01-01,
473,2,US,buy,2024-01-01,
474,5,US,buy,2024-01-01,
474,3,US,buy,2024-01-01,
475,6,US,rent,2024-01-01,
475,9,US,buy,2024-01-01,
476,6,US,subscription,2024-01-01,
477,2,US,buy,2024-01-01,
478,9,US,subscription,2024-01-01,
478,10,US,buy,2024-01-01,
479,9,US,buy,2024-01-01,
480,8,US,rent,2024-01-01,
480,6,US,buy,2024-01-01,
480,2,US,subscription,2024-01-01,
481,7,US,rent,2024-01-01,
481,1,US,rent,2024-01-01,
481,3,US,buy,2024-01-01,
482,2,US,rent,2024-01-01,
482,1,US,buy,2024-01-01,
483,9,US,subscription,2024-01-01,
483,5,US,buy,2024-01-01,
484,9,US,rent,2024-01-01,
484,2,US,rent,2024-01-01,
484,1,US,rent,2024-01-01,
485,2,US,rent,2024-01-01,
485,10,US,rent,2024-01-01,
485,4,US,subscription,2024-01-01,
486,5,US,buy,2024-01-01,
486,9,US,subscription,2024-01-01,
487,4,US,rent,2024-01-01,
487,8,US,rent,2024-01-01,
487,7,US,buy,2024-01-01,
488,2,US,rent,2024-01-01,
488,9,US,subscription,2024-01-01,
489,7,US,rent,2024-01-01,
489,1,US,buy,2024-01-01,
489,3,US,rent,2024-01-01,
490,4,US,rent,2024-01-01,
491,3,US,buy,2024-01-01,
491,6,US,rent,2024-01-01,
491,8,US,rent,2024-01-01,
492,8,US,rent,2024-01-01,
493,10,US,buy,2024-01-01,
493,1,US,subscription,2024-01-01,
493,7,US,subscription,2024-01-01,
494,8,US,rent,2024-01-01,
494,5,US,rent,2024-01-01,
494,9,US,subscription,2024-01-01,
495,4,US,rent,2024-01-01,
495,3,US,buy,2024-01-01,
495,5,US,subscription,2024-01-01,
496,7,US,buy,2024-01-01,
496,3,US,buy,2024-01-01,
497,8,US,buy,2024-01-01,
498,8,US,rent,2024-01-01,
498,1,US,rent,2024-01-01,
499,9,US,subscription,2024-01-01,
500,5,US,subscription,2024-01-01,
500,7,US,buy,2024-01-01,
